"ID","Description","GeneRatio","BgRatio","RichFactor","FoldEnrichment","zScore","pvalue","p.adjust","qvalue","geneID","Count"
"GO:0003341","cilium movement","79/1652","239/16481",0.330543933054393,3.29763593260863,11.942303511535,1.01395767225714e-22,5.08296981102505e-19,5.08296981102505e-19,"1768/83894/220004/129881/219670/161502/151651/83450/7846/93233/255101/85478/27285/92749/89765/57821/64518/25876/126820/361/399949/152110/55130/202500/150483/246176/284076/286464/127003/9576/154313/90506/348807/146845/27156/115948/440585/154865/642987/93190/57119/139212/79819/219681/345895/196385/54777/158787/221421/54768/83853/89876/1770/389799/79645/255411/135138/159686/80217/134121/387885/201625/83538/57639/257062/83659/64446/123872/25790/388701/79781/5414/26074/84229/220136/27019/143241/26206/84688",79
"GO:0060294","cilium movement involved in cell motility","67/1652","212/16481",0.316037735849057,3.15291641920599,10.5303392634195,2.71429102670401e-18,5.90972860843807e-15,5.90972860843807e-15,"1768/220004/129881/219670/161502/151651/83450/7846/93233/255101/85478/27285/92749/89765/57821/64518/126820/399949/55130/202500/150483/246176/284076/286464/127003/154313/90506/146845/27156/115948/440585/154865/642987/93190/57119/139212/219681/345895/196385/54777/158787/221421/83853/1770/389799/79645/255411/135138/159686/80217/134121/201625/83538/57639/257062/83659/25790/388701/79781/5414/26074/84229/220136/27019/143241/26206/84688",67
"GO:0001539","cilium or flagellum-dependent cell motility","67/1652","214/16481",0.313084112149533,3.12344991061528,10.4357307860353,4.7155225281772e-18,5.90972860843807e-15,5.90972860843807e-15,"1768/220004/129881/219670/161502/151651/83450/7846/93233/255101/85478/27285/92749/89765/57821/64518/126820/399949/55130/202500/150483/246176/284076/286464/127003/154313/90506/146845/27156/115948/440585/154865/642987/93190/57119/139212/219681/345895/196385/54777/158787/221421/83853/1770/389799/79645/255411/135138/159686/80217/134121/201625/83538/57639/257062/83659/25790/388701/79781/5414/26074/84229/220136/27019/143241/26206/84688",67
"GO:0060285","cilium-dependent cell motility","67/1652","214/16481",0.313084112149533,3.12344991061528,10.4357307860353,4.7155225281772e-18,5.90972860843807e-15,5.90972860843807e-15,"1768/220004/129881/219670/161502/151651/83450/7846/93233/255101/85478/27285/92749/89765/57821/64518/126820/399949/55130/202500/150483/246176/284076/286464/127003/154313/90506/146845/27156/115948/440585/154865/642987/93190/57119/139212/219681/345895/196385/54777/158787/221421/83853/1770/389799/79645/255411/135138/159686/80217/134121/201625/83538/57639/257062/83659/25790/388701/79781/5414/26074/84229/220136/27019/143241/26206/84688",67
"GO:0030317","flagellated sperm motility","59/1652","195/16481",0.302564102564103,3.01849816849817,9.46381283544113,2.67391542555194e-15,2.23405633804864e-12,2.23405633804864e-12,"220004/129881/219670/161502/151651/83450/7846/93233/255101/85478/27285/92749/89765/57821/64518/399949/55130/202500/150483/286464/127003/154313/90506/146845/27156/115948/440585/154865/642987/93190/57119/139212/219681/158787/221421/83853/389799/79645/255411/135138/159686/80217/134121/201625/83538/57639/257062/83659/25790/388701/79781/5414/26074/84229/220136/27019/143241/26206/84688",59
"GO:0097722","sperm motility","59/1652","195/16481",0.302564102564103,3.01849816849817,9.46381283544113,2.67391542555194e-15,2.23405633804864e-12,2.23405633804864e-12,"220004/129881/219670/161502/151651/83450/7846/93233/255101/85478/27285/92749/89765/57821/64518/399949/55130/202500/150483/286464/127003/154313/90506/146845/27156/115948/440585/154865/642987/93190/57119/139212/219681/158787/221421/83853/389799/79645/255411/135138/159686/80217/134121/201625/83538/57639/257062/83659/25790/388701/79781/5414/26074/84229/220136/27019/143241/26206/84688",59
"GO:0008015","blood circulation","101/1652","453/16481",0.222958057395143,2.22431703627685,8.81923711839988,5.56290193956758e-15,3.98383248900747e-12,3.98383248900747e-12,"84502/857/5138/6387/1215/3777/177/354/9839/3762/6505/7136/10979/1359/1910/4018/55800/148/5028/8862/1003/7122/7010/3741/10659/6445/6446/2702/30820/10242/5770/6340/6330/5175/6532/10365/1636/6456/3764/9365/94/2852/8850/6909/1392/5468/6547/477/9732/10266/4634/5137/5919/284/6327/4092/186/1674/7134/6332/710/57158/4883/4973/1511/859/2697/6323/146/153/5023/1906/4881/9353/9590/554/3043/5592/1908/2828/7042/3753/2627/2022/2549/659/9607/6915/1129/185/4311/84034/845/154/6910/79987/27129/5348/482/63895/4842",101
"GO:0035082","axoneme assembly","37/1652","90/16481",0.411111111111111,4.10140570352435,9.84701962313796,9.31546284111343e-15,5.83730190281270e-12,5.83730190281270e-12,"6101/164781/93233/255101/85478/92749/89765/25876/126820/399949/55130/146562/286464/154313/352909/348807/51364/115948/139212/79819/345895/54777/221421/54768/89876/79645/159686/80217/387885/201625/83538/57639/64446/123872/85452/84229/27019",37
"GO:1901342","regulation of vasculature development","74/1652","295/16481",0.250847457627119,2.50255263265892,8.69157788676506,5.10986677642408e-14,2.84619579446821e-11,2.84619579446821e-11,"10218/9314/2247/3202/6387/1215/947/1285/354/1634/2624/577/126393/240/57556/57381/729/2658/1003/90139/406913/7122/7010/820/3373/23328/3687/147372/8742/10365/358/8434/2013/153090/5468/5196/10266/187/7128/9510/306/168667/9444/28984/3569/9037/26051/407006/2113/22846/5740/641700/4881/57608/5797/1536/23554/7042/2627/9022/2549/51378/6915/84034/3848/3553/407007/6237/10516/3552/6369/7075/728/948",74
"GO:0001578","microtubule bundle formation","42/1652","119/16481",0.352941176470588,3.52107961828799,9.21233114122599,8.17510471174375e-14,4.09817999199714e-11,4.09817999199714e-11,"6101/164781/93233/255101/85478/92749/89765/25876/126820/11076/399949/55130/246176/146562/284076/286464/154313/352909/348807/51364/115948/139212/79819/51673/345895/344148/54777/221421/54768/89876/79645/159686/80217/387885/201625/83538/57639/64446/123872/85452/84229/27019",42
"GO:0045765","regulation of angiogenesis","72/1652","288/16481",0.25,2.494098062954,8.53767033190704,1.35140742215535e-13,6.15873218842253e-11,6.15873218842253e-11,"9314/2247/3202/1215/947/1285/354/1634/2624/577/126393/240/57556/57381/729/2658/1003/90139/406913/7122/7010/820/3373/23328/3687/147372/8742/10365/358/8434/2013/153090/5468/5196/10266/187/7128/9510/306/168667/9444/28984/3569/9037/26051/407006/2113/22846/5740/641700/4881/57608/5797/1536/23554/7042/2627/9022/2549/51378/6915/84034/3848/3553/407007/6237/10516/3552/6369/7075/728/948",72
"GO:0050878","regulation of body fluid levels","76/1652","317/16481",0.239747634069401,2.39181643892118,8.35150728920864,2.90694456184807e-13,1.21437609071203e-10,1.21437609071203e-10,"144165/10218/84959/857/80274/2815/2192/2623/51032/2157/7056/1910/7432/2160/653145/5028/8862/10630/64805/6583/361/375033/2207/6340/8692/1036/5627/2066/6532/5588/9002/358/80739/5155/5196/2159/187/7450/22915/284/83706/1128/1080/139189/3569/7099/114/710/51763/4883/2776/1511/9068/1906/10398/4881/84830/2313/115/554/3043/81027/5592/1361/51378/6915/84034/79057/196883/3848/79987/6403/2255/558/7466/948",76
"GO:0050673","epithelial cell proliferation","74/1652","307/16481",0.241042345276873,2.40473298577975,8.2924324323855,4.494038964018e-13,1.73297056358633e-10,1.73297056358633e-10,"857/2247/7538/6387/947/1285/1960/1028/3851/9839/2624/79812/1910/240/387837/51208/2658/8862/406913/7010/1601/695/84913/8013/60675/8742/2066/2324/94/151306/1012/153090/5155/6909/348807/5468/2263/7476/255324/187/7128/26471/3164/168667/28984/3569/9037/858/26051/22846/3727/6347/687/54959/57608/5797/7051/3549/7042/7049/2627/2022/4163/659/9607/185/64332/1030/120425/407007/6369/7075/2255/728",74
"GO:0006935","chemotaxis","90/1652","415/16481",0.216867469879518,2.16355494617696,8.01280836568598,9.38021792995947e-13,3.13486883219246e-10,3.13486883219246e-10,"51554/3084/683/2247/6362/6387/83700/1960/23604/10718/6092/2277/1910/240/57556/4739/146433/3579/6376/146225/6283/64805/60675/2921/9034/116173/2357/3730/6693/1843/223117/5588/5168/6360/5473/1012/6688/5155/1524/3071/5196/9732/2621/5919/4858/284/23767/5319/3164/2920/4916/3569/56920/1901/9037/7869/3577/1511/6275/6347/641700/11251/1906/58191/9353/1948/1908/7042/2022/2549/6586/659/335/185/9647/6358/120425/3491/6368/1839/1669/80031/100130520/6369/6441/2255/10584/728/2358/5800",90
"GO:0042330","taxis","90/1652","415/16481",0.216867469879518,2.16355494617696,8.01280836568598,9.38021792995947e-13,3.13486883219246e-10,3.13486883219246e-10,"51554/3084/683/2247/6362/6387/83700/1960/23604/10718/6092/2277/1910/240/57556/4739/146433/3579/6376/146225/6283/64805/60675/2921/9034/116173/2357/3730/6693/1843/223117/5588/5168/6360/5473/1012/6688/5155/1524/3071/5196/9732/2621/5919/4858/284/23767/5319/3164/2920/4916/3569/56920/1901/9037/7869/3577/1511/6275/6347/641700/11251/1906/58191/9353/1948/1908/7042/2022/2549/6586/659/335/185/9647/6358/120425/3491/6368/1839/1669/80031/100130520/6369/6441/2255/10584/728/2358/5800",90
"GO:0009611","response to wounding","98/1652","477/16481",0.205450733752621,2.04965710833955,7.76461742002813,2.73293518825874e-12,8.56262756171316e-10,8.56262756171316e-10,"1490/10218/84959/857/3084/2247/80274/7538/2815/2192/947/177/79026/6556/2623/51032/2157/2624/8578/7056/10979/53905/240/2160/653145/5028/83478/10630/64805/7305/375033/90865/2207/5627/6532/5588/9002/84417/10894/94/80739/5155/1524/4921/5468/5196/2159/7476/7128/7450/22915/284/23767/83706/246/960/4638/139189/79625/4916/3569/7099/79567/407006/710/22846/2776/1511/9068/54959/1906/146760/10398/84830/3043/81027/5592/1361/7042/2022/51378/90102/55966/6915/58529/84034/5581/79057/64332/3848/120425/1839/407007/79987/6403/2255/558/948",98
"GO:0042060","wound healing","82/1652","378/16481",0.216931216931217,2.1641909117696,7.64265755719437,9.66910907084955e-12,2.85124963365699e-09,2.85124963365699e-09,"10218/84959/857/3084/2247/80274/2815/2192/947/79026/6556/2623/51032/2157/2624/7056/10979/53905/240/2160/653145/5028/83478/10630/64805/375033/2207/5627/6532/5588/9002/94/80739/5155/4921/5468/5196/2159/7476/7128/7450/22915/284/83706/246/960/4638/139189/79625/3569/7099/407006/710/2776/1511/9068/54959/1906/10398/84830/3043/81027/5592/1361/7042/2022/51378/90102/55966/6915/58529/84034/5581/79057/3848/120425/1839/79987/6403/2255/558/948",82
"GO:0070286","axonemal dynein complex assembly","20/1652","37/16481",0.540540540540541,5.39264446044107,8.92793199545735,2.79154111682927e-11,7.77444201036953e-09,7.77444201036953e-09,"164781/93233/85478/92749/126820/55130/146562/352909/348807/51364/115948/139212/79819/79645/387885/201625/83538/64446/123872/27019",20
"GO:0050678","regulation of epithelial cell proliferation","63/1652","264/16481",0.238636363636364,2.38072996918336,7.54836946466327,3.92733781484159e-11,1.03619707714742e-08,1.03619707714742e-08,"857/2247/7538/6387/1285/1960/1028/3851/2624/79812/1910/240/2658/8862/406913/7010/1601/695/84913/8013/8742/2066/2324/94/151306/1012/153090/5155/5468/2263/7476/255324/187/7128/26471/3164/28984/9037/858/26051/22846/3727/6347/687/54959/57608/5797/7051/3549/7042/7049/2627/2022/4163/9607/185/1030/120425/407007/6369/7075/2255/728",63
"GO:0003018","vascular process in circulatory system","60/1652","247/16481",0.242914979757085,2.42341512189862,7.52306776353018,5.29401368817e-11,1.32694453093981e-08,1.32694453093981e-08,"857/5138/177/11309/9839/6505/10979/6573/1910/148/5243/5028/1003/7122/7010/2702/10242/5175/6532/10365/1636/55640/6456/3764/6540/2852/6515/8850/9429/477/9732/10266/2171/3953/284/186/9376/84879/146/153/1906/4881/6565/9353/9590/554/3043/5592/1908/2828/2549/7037/659/6915/185/154/79987/482/4842/948",60
"GO:0070371","ERK1 and ERK2 cascade","65/1652","280/16481",0.232142857142857,2.31594820131442,7.41266872980685,6.87518066304637e-11,1.64120384113578e-08,1.64120384113578e-08,"1490/3084/9314/2247/2192/78986/255743/177/285016/2264/10979/57556/6376/338557/148/5028/406913/8622/3596/7010/388121/1601/4889/650/152110/5770/5322/1843/2066/2324/151306/2852/153090/5155/388325/4921/2263/2621/284/246/5734/960/168667/7099/407006/222166/1906/152007/140885/65009/9590/8685/408/10268/81848/467/3553/3491/5320/6237/3552/2255/728/2358/948",65
"GO:0007018","microtubule-based movement","93/1652","469/16481",0.198294243070362,1.97826115014688,7.17374821810617,7.68310813856065e-11,1.75070095902748e-08,1.75070095902748e-08,"1768/83894/220004/129881/25893/219670/161502/151651/83450/7846/164781/93233/255101/85478/27285/92749/89765/57821/64518/25876/6103/126820/361/10749/399949/152110/55130/202500/150483/9638/124602/246176/51309/284076/286464/127003/9576/154313/90506/348807/57576/146845/27156/115948/440585/154865/642987/93190/57119/139212/79819/219681/200132/345895/196385/54777/158787/57519/221421/54768/83853/89876/1770/389799/79645/255411/135138/159686/83657/80217/134121/387885/408/201625/83538/57639/257062/83659/64446/123872/25790/388701/79781/221458/5414/343521/26074/84229/220136/27019/143241/26206/84688",93
"GO:0070372","regulation of ERK1 and ERK2 cascade","62/1652","263/16481",0.23574144486692,2.35184912400225,7.37624176407314,9.63878105085482e-11,2.10083519164936e-08,2.10083519164936e-08,"1490/3084/9314/2247/2192/78986/255743/177/285016/2264/10979/57556/6376/338557/148/5028/406913/8622/3596/7010/388121/1601/4889/650/152110/5770/5322/1843/2066/2324/151306/2852/153090/5155/388325/4921/2263/2621/284/246/960/168667/7099/407006/222166/152007/140885/65009/9590/8685/408/10268/81848/467/3553/3491/5320/6237/3552/728/2358/948",62
"GO:0002274","myeloid leukocyte activation","54/1652","216/16481",0.25,2.494098062954,7.37745615379378,1.54415611453175e-10,3.2253560842282e-08,3.2253560842282e-08,"2268/177/6556/2623/2624/85480/2204/3579/6376/3596/820/6283/695/8013/7305/90865/160364/2207/22918/8692/9846/1776/2214/146722/6688/1524/6844/306/5730/3569/7099/81501/401258/3577/2776/6622/3727/1511/11326/120892/7048/64332/9173/6571/3553/3949/50487/5320/945/57580/712/728/2358/338339",54
"GO:0007507","heart development","83/1652","407/16481",0.203931203931204,2.03449768280277,7.05330131888034,1.95408304889662e-10,3.9183273296475e-08,3.9183273296475e-08,"27063/144165/3084/2247/80274/5138/164781/26508/6092/5950/4772/8862/7122/7010/6926/11155/32/140628/4889/2719/6445/23493/4091/2702/650/91807/7481/2066/4211/89780/2013/94/2852/4887/5155/8850/6909/4487/2263/10266/4634/187/10395/79933/23767/4092/2294/7134/64321/4916/9124/54345/140706/1901/57158/859/2697/1906/64236/65009/4629/9353/7048/88/10529/1948/3549/8642/7042/7049/2627/93649/2022/6586/659/123872/221662/6910/407007/57493/27129/7075/11214",83
"GO:0031032","actomyosin structure organization","49/1652","188/16481",0.26063829787234,2.60022989542012,7.36526654045529,2.30954757001528e-10,4.45298537249485e-08,4.45298537249485e-08,"27063/1490/4653/257019/9839/25802/10979/7111/91807/11346/8477/22899/56203/221692/5239/395/10395/10174/79933/5734/84952/4628/9172/28984/9124/1901/10324/5295/51763/85462/859/22998/1906/10398/4629/88/10529/408/29767/7140/90102/335/58529/9647/1264/23136/2037/10580/11214",49
"GO:0007599","hemostasis","54/1652","219/16481",0.246575342465753,2.45993233606421,7.25931261913134,2.68247375450221e-10,4.98045960419243e-08,4.98045960419243e-08,"10218/84959/857/80274/2815/2192/2623/51032/2157/7056/2160/653145/5028/10630/64805/375033/2207/5627/6532/5588/9002/80739/5155/5196/2159/7450/22915/284/83706/139189/3569/7099/710/2776/1511/9068/1906/10398/84830/2313/554/3043/81027/5592/1361/51378/6915/84034/79057/3848/79987/6403/558/948",54
"GO:0003012","muscle system process","87/1652","440/16481",0.197727272727273,1.97260483160907,6.90199649003376,3.69613592738509e-10,6.56938543217065e-08,6.56938543217065e-08,"322/84502/857/4653/9314/255743/3762/4620/7136/25802/283383/761/1910/55800/148/5028/4619/3741/5816/8013/140628/60675/7111/2702/30820/6442/785/6330/786/4211/23336/9254/1410/56203/3764/2852/5155/5468/9127/6547/477/9732/779/4634/187/7402/6327/4092/1674/7134/4638/9172/6332/10324/7222/57158/4883/3727/859/2697/6323/1906/10398/4629/56923/10316/5592/246329/124093/408/1908/29767/3753/93649/7140/9607/1129/58529/29995/1264/845/154/6769/3553/28999/5348/4842",87
"GO:0045229","external encapsulating structure organization","61/1652","265/16481",0.230188679245283,2.2964525560784,7.10125961015269,3.80036260787849e-10,6.56938543217065e-08,6.56938543217065e-08,"144165/10218/11095/2192/1215/3036/1285/57188/255743/1286/170689/5212/2264/256076/79875/10630/9507/4239/7078/650/8425/54507/60495/1305/81035/59277/8434/4327/1842/7148/4921/5468/9806/10266/2621/3913/79148/9510/131873/79625/28984/3569/7177/7092/1511/64116/84830/4629/7051/8685/7042/7049/11107/2022/1805/90102/4148/2824/23127/10516/7075",61
"GO:0043410","positive regulation of MAPK cascade","82/1652","406/16481",0.201970443349754,2.01493636613032,6.91120909535837,4.11598026861706e-10,6.87780302885912e-08,6.87780302885912e-08,"1490/3084/4653/2247/2690/85407/255743/177/285016/7805/2264/10979/246778/146433/6376/338557/148/5028/406913/8622/3596/7010/388121/6283/23328/4889/650/152110/5770/5322/4616/5175/9770/2066/2324/151306/2852/153090/6688/5155/388325/4921/5923/2263/7476/255324/2621/284/246/5319/960/23533/168667/4916/3569/858/222166/146/153/4915/1906/152007/65009/120892/9590/57608/8685/408/1908/7042/10268/9607/154/3553/5320/3552/353514/2255/11214/728/2358/948",82
"GO:0032970","regulation of actin filament-based process","76/1652","366/16481",0.207650273224044,2.07160057687982,6.91968012869218,4.83244001674804e-10,7.81452316256707e-08,7.81452316256706e-08,"1490/374872/857/4653/683/6387/81553/9839/25802/10979/25959/4739/9535/6376/163782/10630/126820/256949/91663/7111/2702/91807/10391/11346/6711/8477/22899/56203/395/3071/477/85458/10395/10174/79933/10810/1440/246/1073/5734/84952/7134/28984/1901/9037/5295/51763/859/90952/22998/54959/1906/3055/9912/9353/88/130271/85358/29767/7042/90102/64411/335/116984/5581/9647/171024/154/129446/93663/2824/26084/6369/57580/11214/11170",76
"GO:0002040","sprouting angiogenesis","40/1652","140/16481",0.285714285714286,2.85039778623314,7.33867230674907,5.48836680119186e-10,8.59786961699212e-08,8.59786961699212e-08,"9314/2247/1960/2624/2277/79812/240/57556/57381/1003/90139/406913/7010/147372/10365/8434/2324/94/1012/10266/187/22915/284/4223/3164/168667/9037/161198/26051/407006/84830/9353/90627/57608/1948/7049/9022/6915/185/407007",40
"GO:0032956","regulation of actin cytoskeleton organization","69/1652","321/16481",0.214953271028037,2.14445814758661,6.91129524180689,6.55700785184701e-10,9.9606910185785e-08,9.9606910185785e-08,"1490/374872/4653/683/6387/81553/25802/10979/25959/4739/9535/6376/163782/126820/256949/91663/7111/91807/10391/11346/6711/8477/22899/56203/395/3071/85458/10395/10174/79933/10810/1440/246/1073/5734/84952/28984/1901/9037/5295/51763/859/90952/22998/54959/1906/3055/9912/9353/88/130271/85358/29767/7042/90102/64411/335/116984/5581/9647/171024/129446/93663/2824/26084/6369/57580/11214/11170",69
"GO:0030198","extracellular matrix organization","60/1652","263/16481",0.228136882129278,2.27598302322798,6.96228528692445,7.68437911152464e-10,1.13299389664921e-07,1.13299389664921e-07,"144165/10218/11095/2192/1215/3036/1285/57188/255743/1286/170689/5212/2264/256076/79875/10630/9507/4239/7078/650/8425/54507/60495/1305/81035/59277/8434/4327/1842/7148/4921/5468/9806/10266/2621/3913/79148/9510/131873/79625/28984/3569/7177/7092/1511/64116/84830/4629/8685/7042/7049/11107/2022/1805/90102/4148/2824/23127/10516/7075",60
"GO:0007596","blood coagulation","52/1652","213/16481",0.244131455399061,2.43555116006775,7.03832127350618,8.38685559006715e-10,1.20123734494305e-07,1.20123734494305e-07,"10218/84959/857/80274/2815/2192/2623/51032/2157/7056/2160/653145/5028/10630/64805/375033/2207/5627/6532/5588/9002/80739/5155/5196/2159/7450/22915/284/83706/139189/3569/7099/710/2776/1511/9068/1906/10398/84830/3043/81027/5592/1361/51378/6915/84034/79057/3848/79987/6403/558/948",52
"GO:0043062","extracellular structure organization","60/1652","264/16481",0.227272727272727,2.26736187541272,6.92859276944785,8.9929843436861e-10,1.25227306985829e-07,1.25227306985829e-07,"144165/10218/11095/2192/1215/3036/1285/57188/255743/1286/170689/5212/2264/256076/79875/10630/9507/4239/7078/650/8425/54507/60495/1305/81035/59277/8434/4327/1842/7148/4921/5468/9806/10266/2621/3913/79148/9510/131873/79625/28984/3569/7177/7092/1511/64116/84830/4629/8685/7042/7049/11107/2022/1805/90102/4148/2824/23127/10516/7075",60
"GO:0050817","coagulation","52/1652","214/16481",0.242990654205607,2.42417007988052,6.9991081366516,1.0019479085263e-09,1.35750401768711e-07,1.35750401768711e-07,"10218/84959/857/80274/2815/2192/2623/51032/2157/7056/2160/653145/5028/10630/64805/375033/2207/5627/6532/5588/9002/80739/5155/5196/2159/7450/22915/284/83706/139189/3569/7099/710/2776/1511/9068/1906/10398/84830/3043/81027/5592/1361/51378/6915/84034/79057/3848/79987/6403/558/948",52
"GO:0003007","heart morphogenesis","46/1652","181/16481",0.25414364640884,2.53543670488141,6.93274292171546,1.97901333835074e-09,2.61073522767165e-07,2.61073522767165e-07,"27063/144165/3084/26508/6092/5950/7122/7010/6926/140628/4889/23493/4091/2702/650/7481/2013/94/4887/6909/2263/4634/187/10395/79933/4092/2294/7134/64321/54345/140706/1901/1906/65009/9353/7048/3549/8642/7042/7049/2627/2022/6586/659/123872/6910",46
"GO:0031589","cell-substrate adhesion","68/1652","324/16481",0.209876543209877,2.09381071951693,6.63685012505328,2.50290240140196e-09,3.21719224057129e-07,3.21719224057129e-07,"10319/8516/4653/683/2192/947/255743/55698/5212/8322/10979/80144/4739/55901/6376/10630/7010/1601/3687/91663/4091/10391/5770/1305/59277/2013/10894/8515/94/1842/1012/8613/5155/395/9806/79834/7450/10395/10174/7402/3913/9404/83706/246/6614/960/9200/79625/5295/22998/88/166752/90102/57091/55966/335/9647/81848/2824/3683/6237/10516/79987/10580/482/5800/11170/948",68
"GO:0070374","positive regulation of ERK1 and ERK2 cascade","45/1652","177/16481",0.254237288135593,2.53637091147864,6.85903972898315,2.92093521205138e-09,3.5750840292476e-07,3.5750840292476e-07,"1490/3084/2247/255743/177/285016/2264/10979/6376/338557/148/5028/406913/8622/3596/7010/388121/4889/650/5322/2066/2324/151306/2852/5155/388325/4921/2263/2621/284/246/960/168667/222166/152007/65009/9590/8685/408/10268/3553/5320/728/2358/948",45
"GO:0033002","muscle cell proliferation","44/1652","171/16481",0.257309941520468,2.56702490690002,6.87503109268983,2.92396659084683e-09,3.5750840292476e-07,3.5750840292476e-07,"3084/9314/2247/5950/6376/8862/3596/8013/4889/650/2066/8490/1012/2852/5155/6909/4921/5468/2263/7128/284/4969/9510/28984/3569/1901/5295/407006/2697/1906/4881/65009/5592/5739/3725/7042/7049/2353/93649/659/1264/6910/1839/407007",44
"GO:0001935","endothelial cell proliferation","39/1652","143/16481",0.272727272727273,2.72083425049527,6.89819245718423,3.89969594714242e-09,4.65456566262499e-07,4.65456566262499e-07,"857/2247/6387/947/1285/1960/9839/2624/79812/240/2658/8862/406913/7010/84913/60675/8742/2324/94/1012/5155/5468/187/3164/168667/28984/9037/858/26051/22846/6347/57608/5797/2022/659/185/407007/6369/7075",39
"GO:0050727","regulation of inflammatory response","76/1652","385/16481",0.197402597402597,1.96936574321562,6.42372208776236,5.22382915475268e-09,6.09001291925004e-07,6.09001291925004e-07,"683/9314/2268/5138/838/1215/6095/177/85480/4772/1910/240/653361/6376/2494/338557/1003/406913/3596/7010/6283/695/8013/4889/90865/160364/55450/1326/8692/100506742/1776/58484/2852/5468/4792/4818/7128/5919/26471/55075/246/5734/338323/8809/4210/6401/3569/7099/3133/407006/2113/6622/5740/3055/140885/64116/120892/2828/255877/335/185/64332/4023/9173/10162/3553/3949/50487/5320/407007/3552/6369/353514/50604/969/2358",76
"GO:0040013","negative regulation of locomotion","64/1652","303/16481",0.211221122112211,2.10722476606014,6.49265584145747,5.65837170758189e-09,6.44668576593364e-07,6.44668576593364e-07,"114757/9314/2247/6387/2192/3036/1634/9839/6092/653464/79812/4739/6376/2658/406913/7122/126820/90865/5770/8692/1843/8434/94/149461/153090/5468/10395/1602/22915/4092/57119/5734/4223/186/28984/9037/407006/22846/2697/286205/6347/4286/22998/65009/84830/9353/90627/5797/5592/7049/93649/2022/4163/51378/90102/9607/6915/84034/11122/6910/104/482/969/5800",64
"GO:0072001","renal system development","52/1652","228/16481",0.228070175438596,2.27531753111593,6.47212174639445,1.04082829870185e-08,1.15948272475386e-06,1.15948272475386e-06,"144165/8516/2247/947/1285/255743/6943/1286/26508/6092/5950/25959/7010/2719/4091/650/847/2674/51196/8692/5175/7481/1636/358/79192/3764/56603/5155/2263/284/4092/2294/186/64321/168667/3399/1906/7704/120892/9353/1958/7042/93649/5420/185/4311/255738/200894/28999/2255/7466/5800",52
"GO:0034329","cell junction assembly","88/1652","481/16481",0.182952182952183,1.82520274045698,6.13057064036024,1.53099759497075e-08,1.66845455295399e-06,1.66845455295399e-06,"144165/28513/55118/80059/857/4653/83700/4045/10718/6092/653464/10979/5010/84631/55901/4593/51208/2658/1003/7122/2701/7010/2895/23266/2702/10391/5770/64084/5175/2066/1636/22899/56131/140689/89780/627/57463/94/151306/1012/149461/395/50863/9732/9806/7476/10266/257194/79834/187/10395/23767/4092/285025/2890/4916/94030/6622/2697/90952/22865/22998/5789/5583/27253/146760/222256/88/2557/266727/1948/85358/90102/6383/8825/1008/9647/6910/2823/3553/23136/23284/2824/64101/84612/10580/5800/11170",88
"GO:0036158","outer dynein arm assembly","12/1652","19/16481",0.631578947368421,6.30087931693641,7.71633566264297,2.54903245074797e-08,2.70017661458531e-06,2.70017661458531e-06,"164781/93233/55130/146562/51364/115948/139212/79645/83538/64446/123872/27019",12
"GO:0007188","adenylate cyclase-modulating G protein-coupled receptor signaling pathway","57/1652","267/16481",0.213483146067416,2.12979160432027,6.21207344916925,2.58544738679623e-08,2.70017661458531e-06,2.70017661458531e-06,"5138/2913/122042/139378/283383/8698/7432/338557/148/5028/53637/64805/9340/2357/1268/8477/1132/151306/2852/4887/2869/5196/10266/187/5734/1128/117/1901/114/5064/2776/7433/10203/146/153/181/115/9590/554/5745/5739/8685/221395/2828/5737/59350/10268/8843/6915/1129/154/196883/23284/115330/728/4842/2358",57
"GO:0048660","regulation of smooth muscle cell proliferation","35/1652","129/16481",0.271317829457364,2.70677309157798,6.49550461697515,2.79616327341825e-08,2.86064622237667e-06,2.86064622237667e-06,"9314/2247/6376/8862/3596/8013/4889/650/8490/1012/2852/5155/4921/5468/2263/7128/4969/9510/28984/3569/1901/5295/407006/2697/1906/4881/65009/5592/5739/3725/93649/659/1264/1839/407007",35
"GO:1904018","positive regulation of vasculature development","41/1652","165/16481",0.248484848484848,2.47898231711791,6.37273409766423,2.9454019087189e-08,2.95305995368157e-06,2.95305995368156e-06,"9314/2247/6387/1215/947/2624/126393/729/2658/1003/406913/7010/820/3373/23328/3687/147372/8742/358/2013/10266/187/306/168667/9037/2113/5740/57608/1536/2627/9022/2549/51378/6915/84034/3553/6237/3552/6369/7075/728",41
"GO:0050680","negative regulation of epithelial cell proliferation","29/1652","96/16481",0.302083333333333,3.01370182606941,6.60442861099218,3.25641797483191e-08,3.18369723515597e-06,3.18369723515597e-06,"857/1285/1028/3851/79812/240/2658/406913/1601/84913/94/153090/5468/2263/26471/28984/858/22846/3727/6347/687/5797/7042/7049/2627/2022/4163/1030/407007",29
"GO:0043542","endothelial cell migration","51/1652","229/16481",0.222707423580786,2.22181661503325,6.21438353987907,3.30245873185937e-08,3.18369723515597e-06,3.18369723515597e-06,"9314/2247/1960/1634/9839/2624/79812/57381/2658/1003/406913/7010/6283/23328/84913/8742/2013/2324/94/1012/8613/153090/5155/5468/22915/284/9404/4223/186/3164/306/168667/28984/54345/9037/161198/407006/2113/22846/1906/84830/9353/90627/57608/5797/1948/7049/2549/51378/6915/6237",51
"GO:0008217","regulation of blood pressure","39/1652","154/16481",0.253246753246753,2.52648894688846,6.35226372990861,3.65685203614577e-08,3.45883004852806e-06,3.45883004852806e-06,"1215/3777/354/1359/1910/148/8862/6446/2702/5770/6340/1636/9365/94/1392/5468/10266/5137/5919/186/4883/1511/153/5023/1906/4881/554/3043/1908/2022/659/9607/6915/185/4311/84034/154/63895/4842",39
"GO:0045766","positive regulation of angiogenesis","40/1652","161/16481",0.248447204968944,2.47860677063751,6.29264517724808,4.34818288094378e-08,4.03656310780947e-06,4.03656310780947e-06,"9314/2247/1215/947/2624/126393/729/2658/1003/406913/7010/820/3373/23328/3687/147372/8742/358/2013/10266/187/306/168667/9037/2113/5740/57608/1536/2627/9022/2549/51378/6915/84034/3553/6237/3552/6369/7075/728",40
"GO:0048659","smooth muscle cell proliferation","35/1652","132/16481",0.265151515151515,2.64525552131484,6.33435527790822,5.26441108532534e-08,4.79827141286108e-06,4.79827141286108e-06,"9314/2247/6376/8862/3596/8013/4889/650/8490/1012/2852/5155/4921/5468/2263/7128/4969/9510/28984/3569/1901/5295/407006/2697/1906/4881/65009/5592/5739/3725/93649/659/1264/1839/407007",35
"GO:0032496","response to lipopolysaccharide","58/1652","280/16481",0.207142857142857,2.06653839501902,6.0077560818877,6.00828702759278e-08,5.37848979809332e-06,5.37848979809332e-06,"27063/57088/7538/8564/6556/2623/2204/7431/1910/6376/6590/3596/820/6583/695/23328/4091/249/1543/5473/153090/6688/388325/1524/2263/5196/7128/1440/968/3164/8809/114769/6401/3569/7099/6622/3727/1511/6347/9450/1906/3055/7356/140885/9590/1948/2353/10865/6915/5581/64332/3553/3552/6403/2255/558/4842/948",58
"GO:0001936","regulation of endothelial cell proliferation","34/1652","127/16481",0.267716535433071,2.67084516977751,6.30890174666982,6.29252709743198e-08,5.53411198937307e-06,5.53411198937307e-06,"857/2247/6387/1285/1960/2624/79812/240/2658/8862/406913/7010/84913/8742/2324/94/1012/5155/5468/187/3164/28984/9037/858/26051/22846/6347/57608/5797/2022/185/407007/6369/7075",34
"GO:2000146","negative regulation of cell motility","60/1652","295/16481",0.203389830508475,2.02909672918291,5.95285261913272,7.09805319593398e-08,6.13492080538225e-06,6.13492080538225e-06,"114757/9314/2247/6387/2192/3036/1634/9839/653464/79812/4739/6376/2658/406913/7122/126820/90865/5770/8692/1843/8434/94/149461/153090/5468/10395/1602/22915/4092/57119/5734/4223/186/28984/407006/22846/2697/286205/6347/4286/22998/65009/84830/9353/90627/5797/5592/7049/93649/2022/4163/51378/90102/6915/84034/11122/6910/104/482/969",60
"GO:0030336","negative regulation of cell migration","58/1652","282/16481",0.205673758865248,2.05188209434513,5.94668872720885,7.79550136598056e-08,6.56012922451054e-06,6.56012922451054e-06,"114757/9314/2247/6387/3036/1634/9839/653464/79812/4739/6376/2658/406913/7122/126820/90865/5770/8692/1843/8434/94/149461/153090/5468/10395/1602/22915/4092/5734/4223/186/28984/407006/22846/2697/286205/6347/4286/22998/65009/84830/9353/90627/5797/5592/7049/93649/2022/4163/51378/90102/6915/84034/11122/6910/104/482/969",58
"GO:0003073","regulation of systemic arterial blood pressure","25/1652","78/16481",0.320512820512821,3.19756161917179,6.49313470783534,7.85174054399825e-08,6.56012922451054e-06,6.56012922451054e-06,"1215/3777/354/1359/1910/148/5770/1636/9365/1392/5137/5919/186/1511/153/1906/554/1908/2022/659/9607/185/4311/154/63895",25
"GO:0110053","regulation of actin filament organization","52/1652","242/16481",0.214876033057851,2.1436875912993,5.98223051517241,8.3969399509776e-08,6.90063278266405e-06,6.90063278266405e-06,"1490/4653/6387/81553/25802/10979/25959/9535/6376/163782/126820/256949/91663/7111/11346/6711/8477/22899/56203/395/3071/10395/10174/79933/10810/1440/246/1073/5734/84952/28984/1901/9037/5295/51763/90952/22998/3055/9353/88/130271/85358/29767/90102/335/5581/9647/171024/129446/93663/6369/57580",52
"GO:0050886","endocrine process","26/1652","85/16481",0.305882352941176,3.05160233584959,6.32938313449152,1.25295908048085e-07,1.00036982563157e-05,1.00036982563157e-05,"1215/1359/1910/6926/1601/1636/1393/84417/1392/5468/5137/186/2776/1511/2697/1906/56729/554/1408/1908/80223/185/4311/3553/338442/63895",26
"GO:0006936","muscle contraction","68/1652","356/16481",0.191011235955056,1.90560301439182,5.76554929076032,1.25719726740053e-07,1.00036982563157e-05,1.00036982563157e-05,"322/84502/857/255743/3762/4620/7136/25802/283383/761/1910/55800/148/4619/3741/60675/7111/2702/30820/6442/785/6330/786/23336/9254/1410/56203/3764/2852/9127/6547/477/9732/779/4634/7402/6327/4092/1674/7134/4638/9172/6332/10324/57158/859/2697/6323/1906/10398/4629/56923/10316/5592/246329/124093/1908/29767/3753/93649/7140/1129/1264/845/154/6769/5348/4842",68
"GO:0002237","response to molecule of bacterial origin","59/1652","293/16481",0.201365187713311,2.00889809848854,5.81583676320681,1.31207958610327e-07,1.02772733830245e-05,1.02772733830245e-05,"27063/57088/7538/8564/6556/2623/2204/7431/1910/6376/6590/3596/820/6583/695/23328/4091/249/1543/5473/153090/6688/388325/1524/2263/5196/7128/1440/968/3164/8809/114769/2920/6401/3569/7099/6622/3727/1511/6347/9450/1906/3055/7356/140885/9590/1948/2353/10865/6915/5581/64332/3553/3552/6403/2255/558/4842/948",59
"GO:0043534","blood vessel endothelial cell migration","33/1652","125/16481",0.264,2.63376755447942,6.1197603452923,1.40435617934999e-07,1.08308269647408e-05,1.08308269647408e-05,"9314/2247/1960/2624/79812/57381/2658/1003/406913/2013/94/5155/5468/22915/284/4223/186/3164/28984/54345/161198/407006/2113/22846/84830/9353/90627/57608/1948/7049/2549/51378/6915",33
"GO:0050900","leukocyte migration","65/1652","339/16481",0.191740412979351,1.91287757040719,5.66841197306655,2.0559260120841e-07,1.56156925736024e-05,1.56156925736024e-05,"683/6387/81704/947/83700/177/23604/2277/1910/240/4739/146433/3579/6376/6283/64805/90865/2921/148823/6693/1843/56253/5175/2013/10894/6360/5473/6688/5155/1524/3071/5196/3384/2621/5919/5734/5319/6401/3569/1901/3577/1511/6347/1906/58191/3055/140885/84830/9353/6404/1908/7042/58494/120425/3683/6368/1669/100130520/6369/6403/6441/969/728/2358/5800",65
"GO:0001822","kidney development","48/1652","222/16481",0.216216216216216,2.15705778417643,5.79311717261224,2.14788860718663e-07,1.60706949072038e-05,1.60706949072038e-05,"8516/2247/947/1285/255743/6943/1286/26508/6092/25959/7010/2719/4091/650/847/2674/51196/8692/5175/7481/1636/358/79192/3764/56603/5155/2263/284/4092/186/64321/168667/3399/1906/7704/120892/9353/1958/7042/5420/185/4311/255738/200894/28999/2255/7466/5800",48
"GO:0043269","regulation of monoatomic ion transport","67/1652","354/16481",0.189265536723164,1.88818723410076,5.63841525492978,2.21848158856426e-07,1.63547767698127e-05,1.63547767698127e-05,"84959/84502/857/151651/6387/22953/59285/8787/196996/55800/6376/5243/90139/1318/3596/30820/6330/786/6532/9002/57463/2852/5155/2273/1392/477/53826/187/7402/6327/57119/5319/1128/4638/2890/117/7222/51763/57158/2040/6622/859/5187/6347/5023/1906/88/815/760/246329/1804/3753/5581/255738/845/6769/8514/51393/353514/7881/9465/116444/5348/482/283518/7466/4842",67
"GO:0003015","heart process","49/1652","229/16481",0.213973799126638,2.13468655169862,5.7712240470769,2.25235108759141e-07,1.63638202928924e-05,1.63638202928924e-05,"84502/857/25937/3762/6505/7136/1910/55800/148/8862/3741/10659/6445/2702/30820/5770/6330/1636/3764/6909/6547/477/4634/6327/4092/186/1674/7134/6332/57158/859/2697/6323/153/1906/1908/7042/3753/2627/10268/9607/1129/845/154/6910/27129/5348/482/4842",49
"GO:0006959","humoral immune response","53/1652","257/16481",0.206225680933852,2.05738828539396,5.70229629852831,2.56506283973442e-07,1.83695143079838e-05,1.83695143079838e-05,"683/6362/732/6387/922/6556/354/730/85480/240/7432/6376/6590/729/820/6283/2921/1755/1675/9308/128488/6360/5473/1610/5199/8547/5196/5919/714/5319/5648/2920/4069/3569/3133/710/1511/6347/11326/2/713/2627/2219/6358/3848/3553/6368/1669/8993/6369/1668/10584/712",53
"GO:0060326","cell chemotaxis","57/1652","287/16481",0.198606271777003,1.98137407091816,5.59791310442972,3.44973061550123e-07,2.4046456008995e-05,2.4046456008995e-05,"51554/683/2247/6362/6387/83700/1960/23604/2277/1910/240/4739/146433/3579/6376/6283/2921/9034/1843/5588/6360/5473/6688/5155/1524/3071/5196/9732/2621/5919/5319/3164/2920/3569/9037/3577/1511/6347/1906/58191/9353/1908/7042/2022/2549/185/6358/120425/6368/1839/1669/100130520/6369/6441/728/2358/5800",57
"GO:0003206","cardiac chamber morphogenesis","26/1652","89/16481",0.292134831460674,2.91445166906984,6.0443712352253,3.45371001924525e-07,2.4046456008995e-05,2.4046456008995e-05,"3084/26508/6092/5950/7010/4889/23493/4091/650/4887/6909/2263/4634/187/4092/2294/7134/9353/7048/7042/7049/2627/2022/6586/659/6910",26
"GO:0051145","smooth muscle cell differentiation","18/1652","48/16481",0.375,3.74114709443099,6.34778523414779,3.6691077126034e-07,2.5196215018193e-05,2.5196215018193e-05,"8516/79652/255743/1827/4772/1910/23493/2852/5155/2263/10266/187/9444/407006/2627/93649/2022/4855",18
"GO:0007204","positive regulation of cytosolic calcium ion concentration","37/1652","155/16481",0.238709677419355,2.38146137623994,5.76756360618865,4.07086487296203e-07,2.75773589299441e-05,2.75773589299441e-05,"84502/51554/857/22953/2623/2624/1910/3579/338557/148/5028/60675/9034/2357/2852/1524/6547/5734/5319/117/114/7222/57158/3577/859/146/6347/1906/5739/5737/6915/185/1043/728/4842/2358/948",37
"GO:0060047","heart contraction","47/1652","221/16481",0.212669683257919,2.12167618025046,5.60313461062062,4.7659977023659e-07,3.18559286426137e-05,3.18559286426137e-05,"84502/857/3762/6505/7136/1910/55800/148/8862/3741/10659/6445/2702/30820/5770/6330/1636/3764/6909/6547/477/4634/6327/4092/186/1674/7134/6332/57158/859/2697/6323/153/1906/1908/7042/3753/2627/9607/1129/845/154/6910/27129/5348/482/4842",47
"GO:0007157","heterophilic cell-cell adhesion","18/1652","49/16481",0.36734693877551,3.66479715372832,6.23511797617616,5.25875023210291e-07,3.45318705454709e-05,3.45318705454709e-05,"4045/8578/23705/79633/2895/56253/57463/50863/257194/285025/57863/6401/5789/1088/8642/120425/3683/6403",18
"GO:0007015","actin filament organization","77/1652","436/16481",0.176605504587156,1.76188578759135,5.38134640010885,5.31794232565587e-07,3.45318705454709e-05,3.45318705454709e-05,"1490/4653/6387/81553/9839/23242/25802/10979/25959/4739/9535/6376/57381/163782/126820/256949/91663/7111/11013/10391/11346/6711/8477/246176/22899/56203/2013/221692/4542/4648/395/3071/10395/10174/79933/10810/1440/57477/246/1073/5734/5319/84952/28984/9124/1901/9037/5295/51763/85462/90952/22998/3055/10398/9353/88/10529/130271/359845/85358/408/29767/90102/375307/335/5581/9647/1264/171024/3936/129446/93663/6369/10580/201191/57580/11170",77
"GO:0003205","cardiac chamber development","29/1652","108/16481",0.268518518518519,2.67884606761725,5.84233313473033,5.37300199989373e-07,3.45318705454709e-05,3.45318705454709e-05,"3084/5138/26508/6092/5950/7010/4889/23493/4091/2702/650/7481/4887/6909/2263/4634/187/4092/2294/7134/9353/7048/7042/7049/2627/2022/6586/659/6910",29
"GO:0003158","endothelium development","30/1652","114/16481",0.263157894736842,2.62536638205684,5.81228431122183,5.52454152252202e-07,3.50563628511429e-05,3.50563628511429e-05,"3084/80274/54538/5138/947/6935/2658/1003/10630/7122/84913/3687/91663/23493/2702/55273/5175/94/9223/81575/64321/54345/1901/26051/1906/90627/659/4855/3553/7075",30
"GO:0097529","myeloid leukocyte migration","43/1652","196/16481",0.219387755102041,2.1886983001433,5.58770524155801,5.97717518203544e-07,3.74544739844296e-05,3.74544739844296e-05,"683/6387/83700/177/23604/2277/1910/146433/3579/6376/6283/64805/2921/1843/5175/2013/6360/5473/6688/5155/1524/3071/5196/5919/5734/5319/3569/3577/1511/6347/1906/140885/9353/1908/7042/120425/6368/100130520/6369/6441/728/2358/5800",43
"GO:1901343","negative regulation of vasculature development","29/1652","109/16481",0.26605504587156,2.65426949818957,5.78357452032918,6.6279982778711e-07,4.10199448974911e-05,4.10199448974911e-05,"10218/9314/3202/1285/354/1634/577/240/57556/2658/7122/7010/10365/153090/5468/5196/9510/9444/28984/407006/22846/641700/4881/5797/7042/51378/407007/10516/948",29
"GO:0030038","contractile actin filament bundle assembly","27/1652","98/16481",0.275510204081633,2.74859786529624,5.79474005299395,7.54405574662055e-07,4.55642788648299e-05,4.55642788648299e-05,"1490/4653/9839/10979/11346/8477/22899/221692/395/10395/10174/79933/5734/84952/28984/9124/1901/5295/51763/85462/22998/10398/408/90102/335/9647/10580",27
"GO:0043149","stress fiber assembly","27/1652","98/16481",0.275510204081633,2.74859786529624,5.79474005299395,7.54405574662055e-07,4.55642788648299e-05,4.55642788648299e-05,"1490/4653/9839/10979/11346/8477/22899/221692/395/10395/10174/79933/5734/84952/28984/9124/1901/5295/51763/85462/22998/10398/408/90102/335/9647/10580",27
"GO:0014706","striated muscle tissue development","51/1652","252/16481",0.202380952380952,2.01903176524847,5.44088823536631,7.8225134055847e-07,4.61665935700908e-05,4.61665935700908e-05,"27063/144165/857/3084/2247/1959/6943/1827/5950/6926/140628/6445/23493/2702/650/91807/2066/4211/89780/56203/56603/5239/6909/4487/2263/4634/4092/1073/7134/1901/858/10324/57158/859/2697/1906/65009/4629/88/10529/1948/7042/7049/2627/93649/2022/58529/221662/6910/407007/11214",51
"GO:0032102","negative regulation of response to external stimulus","67/1652","366/16481",0.183060109289617,1.82627945593353,5.33556033407308,7.82796818962241e-07,4.61665935700908e-05,4.61665935700908e-05,"9314/2247/2268/25939/6095/6092/7056/4772/240/387837/6376/2494/338557/2160/1003/3596/7010/2895/8013/4889/90865/160364/5627/1843/2852/5155/5468/5196/7128/22915/55075/5734/8809/114769/4210/9037/3133/407006/710/5740/6347/1906/11326/3055/140885/146760/64116/84830/9353/383/2/5592/1361/90102/55966/335/58529/3848/10162/3553/3949/407007/3552/3824/969/2358/5800",67
"GO:0048738","cardiac muscle tissue development","39/1652","172/16481",0.226744186046512,2.26208894081874,5.55351834578523,8.20370752124371e-07,4.78199834930171e-05,4.78199834930171e-05,"27063/144165/3084/2247/5950/6926/140628/6445/23493/2702/650/91807/2066/4211/89780/6909/4487/2263/4634/4092/7134/1901/57158/859/2697/1906/65009/4629/88/10529/1948/7042/7049/2627/93649/2022/6910/407007/11214",39
"GO:0002765","immune response-inhibiting signal transduction","13/1652","28/16481",0.464285714285714,4.63189640262885,6.41974254264438,8.68543052119426e-07,5.00460496583297e-05,5.00460496583297e-05,"3903/11024/2204/11025/387837/3802/3804/79168/3809/9437/3811/945/353514",13
"GO:0003044","regulation of systemic arterial blood pressure mediated by a chemical signal","17/1652","46/16481",0.369565217391304,3.6869275713233,6.09084733206755,9.84308155989147e-07,5.60720089315181e-05,5.60720089315181e-05,"1215/1359/1910/148/1636/5137/186/1511/153/1906/554/1908/9607/185/4311/154/63895",17
"GO:0030168","platelet activation","31/1652","123/16481",0.252032520325203,2.51437528297801,5.6266339070348,1.0003535791997e-06,5.63129339515727e-05,5.63129339515727e-05,"84959/2815/2623/51032/7056/5028/10630/64805/375033/2207/6532/5588/9002/5155/5196/7450/22915/83706/139189/3569/7099/2776/1511/10398/3043/81027/5592/84034/79987/6403/558",31
"GO:0060485","mesenchyme development","53/1652","268/16481",0.197761194029851,1.97294324382928,5.35982863857688,1.01100420020777e-06,5.63129339515727e-05,5.63129339515727e-05,"2295/144165/3084/6943/55698/25937/26508/6092/10979/57556/10630/6926/1601/140628/23493/650/223117/7481/2066/2013/94/153090/6909/4487/2263/187/4092/2294/9444/28984/3569/56920/202151/9037/407006/7869/6275/1906/152007/7048/4222/72/8642/7042/7049/2022/659/4855/221662/6910/3553/80031/407007",53
"GO:0010959","regulation of metal ion transport","58/1652","304/16481",0.190789473684211,1.90339062699121,5.30629110593302,1.08779163228849e-06,5.99241698094745e-05,5.99241698094745e-05,"84959/84502/857/151651/6387/22953/59285/8787/196996/55800/6376/90139/1318/3596/30820/6330/786/9002/57463/2852/5155/2273/1392/477/53826/187/7402/6327/57119/5319/4638/117/7222/51763/57158/6622/859/5187/6347/5023/88/815/1804/3753/5581/255738/845/8514/51393/353514/7881/9465/116444/5348/482/283518/7466/4842",58
"GO:1903522","regulation of blood circulation","49/1652","241/16481",0.203319502074689,2.02839510514101,5.36788499031332,1.11142103955994e-06,6.05603659925431e-05,6.05603659925431e-05,"84502/857/177/3762/6505/1910/55800/148/8862/3741/10659/2702/30820/10242/5770/6330/1636/6909/6547/477/9732/4634/6327/4092/186/1674/57158/859/2697/146/153/1906/554/1908/7042/3753/659/9607/6915/1129/185/845/154/6910/79987/27129/5348/482/4842",49
"GO:0043270","positive regulation of monoatomic ion transport","38/1652","168/16481",0.226190476190476,2.25656491410123,5.46386983296247,1.20449746779074e-06,6.49262989896234e-05,6.49262989896234e-05,"857/6387/22953/55800/6376/3596/6330/6532/9002/57463/2852/5155/2273/1392/53826/187/6327/5319/1128/4638/117/7222/6622/6347/5023/1906/88/815/246329/3753/6769/51393/353514/9465/5348/482/7466/4842",38
"GO:0071674","mononuclear cell migration","43/1652","201/16481",0.213930348258706,2.13425306879645,5.40018308252857,1.22386003755874e-06,6.52681954072549e-05,6.52681954072549e-05,"6387/81704/83700/177/1910/240/4739/146433/3579/6376/6283/64805/148823/6693/1843/56253/5175/6688/5155/1524/5196/3384/2621/5919/3569/1901/3577/1511/6347/58191/140885/84830/9353/58494/120425/3683/6368/1669/6441/969/728/2358/5800",43
"GO:0030099","myeloid cell differentiation","65/1652","356/16481",0.182584269662921,1.82153229316865,5.23031047262601,1.25176409428521e-06,6.60536147858082e-05,6.60536147858082e-05,"2038/84959/54861/25893/5153/3202/7538/5138/2815/863/375387/2623/440712/53832/2624/51327/4739/11025/146433/6886/212/7305/90865/130733/650/126014/4211/9846/80739/6688/3071/5468/5196/133522/714/1440/9444/7099/81501/407006/2113/222166/7704/7048/3039/3043/81027/3042/7049/7037/2034/51621/51266/9607/3040/115727/2124/9173/3553/1030/50487/407007/3552/50604/3045",65
"GO:0010743","regulation of macrophage derived foam cell differentiation","14/1652","33/16481",0.424242424242424,4.23240883410375,6.20375158090367,1.27419437846605e-06,6.65368377005239e-05,6.65368377005239e-05,"5322/4481/5468/4792/5196/5583/1071/9619/185/4023/3553/50487/5320/948",14
"GO:0007189","adenylate cyclase-activating G protein-coupled receptor signaling pathway","39/1652","175/16481",0.222857142857143,2.22331027326185,5.43012242189838,1.30140445462462e-06,6.6570821745237e-05,6.6570821745237e-05,"5138/122042/139378/283383/8698/7432/338557/148/53637/1268/8477/151306/2852/5196/10266/5734/117/1901/114/2776/7433/10203/146/153/181/115/554/5745/5739/221395/2828/5737/59350/10268/6915/154/196883/23284/4842",39
"GO:0010594","regulation of endothelial cell migration","39/1652","175/16481",0.222857142857143,2.22331027326185,5.43012242189838,1.30140445462462e-06,6.6570821745237e-05,6.6570821745237e-05,"9314/2247/1634/2624/79812/57381/2658/406913/7010/23328/84913/2013/2324/94/8613/153090/5155/5468/22915/284/4223/186/306/168667/28984/9037/407006/2113/22846/1906/9353/90627/57608/5797/7049/2549/51378/6915/6237",39
"GO:0003151","outflow tract morphogenesis","20/1652","62/16481",0.32258064516129,3.2181910489729,5.84048797852239,1.37590200675464e-06,6.96706743420305e-05,6.96706743420305e-05,"144165/26508/6092/7122/4889/23493/4091/2702/4887/6909/2263/64321/54345/1906/7048/7042/7049/2627/2022/659",20
"GO:0072577","endothelial cell apoptotic process","19/1652","57/16481",0.333333333333333,3.32546408393866,5.86996198382158,1.43557563139583e-06,7.19654064018728e-05,7.19654064018728e-05,"1285/2624/1003/406913/3596/7010/5770/2852/153090/10266/2621/7128/284/79625/28984/9037/6347/641700/659",19
"GO:0016525","negative regulation of angiogenesis","28/1652","107/16481",0.261682242990654,2.61064470140979,5.57881470041777,1.4745403960906e-06,7.31868416396255e-05,7.31868416396255e-05,"9314/3202/1285/354/1634/577/240/57556/2658/7122/7010/10365/153090/5468/5196/9510/9444/28984/407006/22846/641700/4881/5797/7042/51378/407007/10516/948",28
"GO:0085029","extracellular matrix assembly","15/1652","38/16481",0.394736842105263,3.93804957308526,6.05184897752796,1.61070719836596e-06,7.81188884777231e-05,7.81188884777231e-05,"144165/3036/4239/8425/59277/7148/5468/10266/2621/28984/4629/7049/2824/10516/7075",15
"GO:0060537","muscle tissue development","53/1652","272/16481",0.194852941176471,1.9439293725965,5.23930322349715,1.6189469848167e-06,7.81188884777231e-05,7.81188884777231e-05,"27063/144165/857/3084/8516/2247/1959/6943/1827/5950/6926/140628/6445/23493/2702/650/91807/2066/4211/89780/56203/56603/5239/6909/4487/2263/4634/4092/1073/7134/4638/1901/858/10324/57158/859/2697/1906/65009/4629/88/10529/1948/7042/7049/2627/93649/2022/58529/221662/6910/407007/11214",53
"GO:0050729","positive regulation of inflammatory response","36/1652","157/16481",0.229299363057325,2.28758038895143,5.41051467217869,1.62065916650373e-06,7.81188884777231e-05,7.81188884777231e-05,"5138/838/85480/6376/406913/6283/695/4889/90865/55450/1326/8692/100506742/58484/4792/4818/26471/5734/3569/7099/3133/2113/6622/120892/2828/185/64332/4023/9173/3553/3949/50487/5320/3552/6369/353514",36
"GO:0002444","myeloid leukocyte mediated immunity","27/1652","102/16481",0.264705882352941,2.640809713716,5.54807477146147,1.77394996256311e-06,8.46934396412271e-05,8.46934396412271e-05,"2268/2623/2624/2204/695/8013/7305/2215/1636/9846/1776/2214/1610/6688/1524/6844/5319/306/5730/3569/401258/3133/2776/1511/383/6571/50487",27
"GO:2000181","negative regulation of blood vessel morphogenesis","28/1652","108/16481",0.259259259259259,2.58647206528562,5.52087442269029,1.80257446472602e-06,8.52481678459581e-05,8.52481678459581e-05,"9314/3202/1285/354/1634/577/240/57556/2658/7122/7010/10365/153090/5468/5196/9510/9444/28984/407006/22846/641700/4881/5797/7042/51378/407007/10516/948",28
"GO:0003197","endocardial cushion development","16/1652","43/16481",0.372093023255814,3.71214595416409,5.94361253158439,1.8427142237559e-06,8.63320224643767e-05,8.63320224643767e-05,"26508/6092/6926/140628/23493/650/94/6909/187/2294/7048/8642/7042/2022/659/221662",16
"GO:0042692","muscle cell differentiation","61/1652","331/16481",0.18429003021148,1.83854962948875,5.14380146168825,1.92567905035701e-06,8.9025108389549e-05,8.9025108389549e-05,"27063/144165/3084/8516/79652/255743/6095/23345/170689/1827/577/25802/963/4772/1910/6926/7111/23493/650/91807/4211/89780/56203/627/56603/5239/2852/5155/6909/2263/10266/187/79365/3913/79933/9172/9444/858/10324/407006/405754/859/1906/10398/30846/4629/88/10529/1948/29767/2627/93649/7140/2022/4855/58529/221662/6910/407007/11214/4842",61
"GO:0010596","negative regulation of endothelial cell migration","19/1652","58/16481",0.327586206896552,3.26812849628455,5.77541368933903,1.9357145051787e-06,8.9025108389549e-05,8.9025108389549e-05,"9314/2247/1634/79812/2658/94/153090/5468/22915/4223/186/28984/407006/22846/9353/90627/5797/51378/6915",19
"GO:0010810","regulation of cell-substrate adhesion","41/1652","191/16481",0.214659685863874,2.14152922682961,5.29627917495942,1.95980284508213e-06,8.93135605672428e-05,8.93135605672428e-05,"4653/683/2192/255743/5212/8322/10979/4739/6376/10630/7010/1601/91663/10391/5770/2013/94/1842/1012/8613/5155/395/9806/79834/10395/7402/246/9200/79625/22998/90102/57091/55966/335/9647/81848/2824/6237/5800/11170/948",41
"GO:0007389","pattern specification process","52/1652","267/16481",0.194756554307116,1.94296777937989,5.18483681708028,2.05494764987046e-06,9.28058789982038e-05,9.28058789982038e-05,"144165/4242/219670/3202/85407/164781/26508/6092/23242/391723/6926/140628/23493/4091/650/55130/7481/2066/79192/4211/56603/94/6909/2263/146845/7476/115948/187/79365/7044/91851/64321/3201/54345/7092/65009/7048/3549/25928/83538/2022/64446/659/123872/25790/7482/200894/6910/220136/27019/84100/712",52
"GO:0090077","foam cell differentiation","15/1652","39/16481",0.384615384615385,3.83707394300615,5.92043107094201,2.37569145770079e-06,0.000106333404262983,0.000106333404262983,"5322/4481/5468/4792/5196/5583/1071/9619/55911/185/4023/3553/50487/5320/948",15
"GO:0002042","cell migration involved in sprouting angiogenesis","20/1652","64/16481",0.3125,3.11762257869249,5.66525339040124,2.40950040405298e-06,0.000106892261287766,0.000106892261287766,"9314/2247/1960/2624/79812/57381/1003/406913/22915/4223/3164/161198/407006/84830/9353/90627/57608/1948/7049/6915",20
"GO:1904705","regulation of vascular associated smooth muscle cell proliferation","19/1652","59/16481",0.322033898305085,3.21273648787294,5.68290468353599,2.5888064017695e-06,0.000113839355193601,0.000113839355193601,"2247/8862/8013/8490/2852/5155/4921/5468/2263/9510/28984/407006/2697/1906/5592/3725/93649/1264/407007",19
"GO:1902903","regulation of supramolecular fiber organization","63/1652","349/16481",0.180515759312321,1.80089602253412,5.04745477346303,2.6937595078075e-06,0.000117424490544687,0.000117424490544687,"1490/4653/6387/81553/25802/10979/25959/9535/6376/163782/1003/25876/126820/256949/91663/7111/91807/11346/6711/58526/8477/246176/22899/1410/56203/395/3071/10395/10174/79933/10810/1440/246/1073/5734/84952/28984/1901/9037/5295/51763/6622/859/90952/22998/1906/3055/9353/88/130271/85358/29767/90102/335/5581/9647/171024/129446/93663/3949/6369/57580/11214",63
"GO:0044782","cilium organization","72/1652","417/16481",0.172661870503597,1.72254254707614,4.98806722661119,2.89149716457093e-06,0.000124957545568914,0.000124957545568914,"144165/83894/6101/161502/164781/93233/255101/85478/23345/27285/4739/92749/127254/89765/57821/64518/25876/6103/126820/51473/399949/83547/22885/55130/150483/124602/8556/146562/196383/286464/154313/90506/352909/348807/51364/115948/154865/139212/79819/345895/5990/54777/85462/221421/54768/89876/30846/120892/79645/159686/83657/80217/387885/6792/408/201625/55531/83538/57639/375307/339145/83659/64446/123872/200894/85452/26074/84229/220136/50487/27019/84100",72
"GO:0045446","endothelial cell differentiation","25/1652","93/16481",0.268817204301075,2.68182587414408,5.42859220618432,3.13090317122e-06,0.000134147158951503,0.000134147158951503,"3084/80274/54538/5138/6935/2658/1003/10630/7122/84913/91663/23493/55273/5175/94/9223/81575/64321/54345/1901/26051/659/4855/3553/7075",25
"GO:0035265","organ growth","26/1652","99/16481",0.262626262626263,2.62006261158804,5.39626946729019,3.21566417769143e-06,0.000135643973779946,0.000135643973779946,"80014/3084/2247/5950/51208/32/2066/6532/4211/6909/4921/2263/3953/26524/1901/344901/859/1906/65009/5592/7042/7049/6910/407007/10516/2255",26
"GO:0010927","cellular component assembly involved in morphogenesis","27/1652","105/16481",0.257142857142857,2.56535800760982,5.37071499521306,3.24701313656363e-06,0.000135643973779946,0.000135643973779946,"27063/51090/255101/25802/4099/7111/11076/91807/56203/5239/79933/9172/5990/10324/859/1906/10398/4629/88/5376/10529/29767/7140/58529/11055/23136/11214",27
"GO:0032989","cellular anatomical entity morphogenesis","27/1652","105/16481",0.257142857142857,2.56535800760982,5.37071499521306,3.24701313656363e-06,0.000135643973779946,0.000135643973779946,"27063/51090/255101/25802/4099/7111/11076/91807/56203/5239/79933/9172/5990/10324/859/1906/10398/4629/88/5376/10529/29767/7140/58529/11055/23136/11214",27
"GO:1990874","vascular associated smooth muscle cell proliferation","19/1652","60/16481",0.316666666666667,3.15919087974173,5.59235270708954,3.4351665603049e-06,0.000142318098899244,0.000142318098899244,"2247/8862/8013/8490/2852/5155/4921/5468/2263/9510/28984/407006/2697/1906/5592/3725/93649/1264/407007",19
"GO:0001937","negative regulation of endothelial cell proliferation","16/1652","45/16481",0.355555555555556,3.54716168953457,5.7107401229378,3.69968952228251e-06,0.000152020848977068,0.000152020848977068,"857/1285/79812/240/2658/406913/84913/94/5468/28984/858/22846/6347/5797/2022/407007",16
"GO:0050679","positive regulation of epithelial cell proliferation","35/1652","156/16481",0.224358974358974,2.23829313342025,5.186649033648,3.8083964337282e-06,0.000155215376603898,0.000155215376603898,"2247/6387/1960/2624/2658/8862/406913/7010/695/8013/8742/2066/2324/94/151306/1012/5155/2263/7476/255324/187/7128/3164/9037/26051/54959/57608/7051/3549/9607/185/120425/6369/2255/728",35
"GO:0019370","leukotriene biosynthetic process","10/1652","19/16481",0.526315789473684,5.25073276411367,6.18766790545456,3.9363489028271e-06,0.00015913642782155,0.00015913642782155,"240/820/5322/92086/5319/241/2681/91227/4056/728226",10
"GO:0002767","immune response-inhibiting cell surface receptor signaling pathway","12/1652","27/16481",0.444444444444444,4.43395211191821,5.96029921706894,4.08647179799746e-06,0.00016388386498689,0.00016388386498689,"3903/11024/2204/11025/387837/3802/3804/79168/3809/9437/3811/353514",12
"GO:1901888","regulation of cell junction assembly","50/1652","259/16481",0.193050193050193,1.92594445015753,5.01314549376762,4.16436209330358e-06,0.000165682120426435,0.000165682120426435,"144165/55118/80059/857/4653/4045/6092/653464/10979/84631/4593/2658/7122/7010/2895/5770/64084/1636/22899/89780/627/57463/94/151306/395/50863/9732/7476/257194/79834/187/10395/285025/4916/94030/6622/22865/22998/5789/5583/146760/266727/90102/6383/8825/9647/6910/3553/2824/11170",50
"GO:0006898","receptor-mediated endocytosis","51/1652","267/16481",0.191011235955056,1.90560301439182,4.97938949066249,4.60016809319064e-06,0.000181579863394998,0.000181579863394998,"857/3084/389337/2690/8578/55576/3579/8862/1601/10332/2207/1755/160622/4481/9413/89780/11037/10894/283420/4360/10266/187/284/6614/432/2890/6457/6401/284654/858/3577/6622/859/10203/58191/23237/1948/8685/341/408/146395/440073/7037/10268/255738/154/8522/3949/6441/2358/948",51
"GO:0046456","icosanoid biosynthetic process","18/1652","56/16481",0.321428571428571,3.20669750951228,5.52092467462567,4.8751701433822e-06,0.000190931468193555,0.000190931468193555,"240/820/5322/58484/92086/2171/5319/241/5730/27306/5740/1906/2681/91227/4056/728226/3553/50487",18
"GO:0043537","negative regulation of blood vessel endothelial cell migration","15/1652","41/16481",0.365853658536585,3.64989960432292,5.67019682732472,4.93881883331755e-06,0.000191924796987759,0.000191924796987759,"9314/2247/79812/2658/94/5468/22915/4223/186/28984/407006/22846/90627/51378/6915",15
"GO:0110020","regulation of actomyosin structure organization","24/1652","90/16481",0.266666666666667,2.66037126715093,5.27170902882854,5.70404353771095e-06,0.000219956694265731,0.000219956694265731,"1490/4653/10979/91807/11346/8477/22899/395/10395/10174/79933/5734/84952/28984/1901/5295/51763/859/22998/1906/90102/335/9647/11214",24
"GO:0036303","lymph vessel morphogenesis","9/1652","16/16481",0.5625,5.61172064164649,6.15984533951592,5.94371922442218e-06,0.000227449347114721,0.000227449347114721,"10630/147372/2324/94/54345/22846/659/79987/7075",9
"GO:0006816","calcium ion transport","68/1652","395/16481",0.172151898734177,1.71745486866705,4.81722348853109,6.00899470297141e-06,0.000228205230651482,0.000228205230651482,"84959/84502/857/2247/151651/2815/6387/22953/59285/8787/123041/196996/1910/6376/90139/3596/286097/57685/51196/57192/785/786/9002/9254/89780/7223/2852/1135/170572/5155/1392/9127/6547/477/779/10266/2621/187/57119/5319/4638/117/64072/7222/51763/57158/4308/6622/859/10203/6347/5023/1906/9033/5334/815/1262/10268/845/2823/51393/1137/353514/117532/6345/116444/7466/4842",68
"GO:0008016","regulation of heart contraction","40/1652","193/16481",0.207253886010363,2.06764606255253,4.9796608986112,6.44653155647553e-06,0.000241363635005009,0.000241363635005009,"84502/857/3762/6505/1910/55800/148/8862/3741/10659/2702/30820/5770/6330/1636/6909/6547/477/4634/6327/4092/186/1674/57158/859/2697/153/1906/1908/7042/3753/9607/1129/845/154/6910/27129/5348/482/4842",40
"GO:0010742","macrophage derived foam cell differentiation","14/1652","37/16481",0.378378378378378,3.77485112230875,5.63981044689501,6.46076934459413e-06,0.000241363635005009,0.000241363635005009,"5322/4481/5468/4792/5196/5583/1071/9619/185/4023/3553/50487/5320/948",14
"GO:0002043","blood vessel endothelial cell proliferation involved in sprouting angiogenesis","12/1652","28/16481",0.428571428571429,4.27559667934971,5.78994691030974,6.49991835740597e-06,0.000241363635005009,0.000241363635005009,"2247/2624/79812/406913/94/187/168667/9037/26051/57608/185/407007",12
"GO:0030595","leukocyte chemotaxis","42/1652","207/16481",0.202898550724638,2.02419552935397,4.94935477110711,6.6998471114778e-06,0.00024695833507234,0.00024695833507234,"683/6387/83700/23604/2277/1910/240/4739/146433/3579/6376/6283/2921/1843/6360/5473/6688/5155/1524/3071/5196/2621/5919/5319/3569/3577/1511/6347/1906/58191/9353/1908/7042/120425/6368/1669/100130520/6369/6441/728/2358/5800",42
"GO:0010543","regulation of platelet activation","17/1652","52/16481",0.326923076923077,3.26151285155522,5.45158590069625,6.88016028417223e-06,0.000251753602223032,0.000251753602223032,"2815/51032/7056/10630/375033/2207/5588/5155/22915/3569/7099/2776/1511/5592/84034/79987/6403",17
"GO:0003281","ventricular septum development","16/1652","47/16481",0.340425531914894,3.39621863891608,5.49074686426567,7.08292585129253e-06,0.000257294980380648,0.000257294980380648,"5138/26508/6092/23493/2702/7481/2263/187/4092/9353/7048/7042/7049/6586/659/6910",16
"GO:0010744","positive regulation of macrophage derived foam cell differentiation","10/1652","20/16481",0.5,4.98819612590799,5.95649923366783,7.16450235381696e-06,0.000258385973379024,0.000258385973379024,"5322/4481/5196/5583/185/4023/3553/50487/5320/948",10
"GO:0035150","regulation of tube size","29/1652","122/16481",0.237704918032787,2.37143750248085,5.07464017013191,7.71445693776144e-06,0.000272342060767592,0.000272342060767592,"857/1910/148/5028/2702/10242/5175/6532/10365/1636/2852/8850/9732/186/146/153/1906/4881/554/3043/5592/1908/2549/659/6915/185/154/79987/4842",29
"GO:0035296","regulation of tube diameter","29/1652","122/16481",0.237704918032787,2.37143750248085,5.07464017013191,7.71445693776144e-06,0.000272342060767592,0.000272342060767592,"857/1910/148/5028/2702/10242/5175/6532/10365/1636/2852/8850/9732/186/146/153/1906/4881/554/3043/5592/1908/2549/659/6915/185/154/79987/4842",29
"GO:0097746","blood vessel diameter maintenance","29/1652","122/16481",0.237704918032787,2.37143750248085,5.07464017013191,7.71445693776144e-06,0.000272342060767592,0.000272342060767592,"857/1910/148/5028/2702/10242/5175/6532/10365/1636/2852/8850/9732/186/146/153/1906/4881/554/3043/5592/1908/2549/659/6915/185/154/79987/4842",29
"GO:0001946","lymphangiogenesis","8/1652","13/16481",0.615384615384615,6.13931830880983,6.18706183595967,8.1271252101218e-06,0.000284904046701682,0.000284904046701682,"10630/147372/2324/94/54345/22846/659/7075",8
"GO:0051493","regulation of cytoskeleton organization","81/1652","499/16481",0.162324649298597,1.61941437354127,4.68968509166256,8.21767134140976e-06,0.000286077683572827,0.000286077683572827,"1490/374872/4653/683/132851/6387/81553/25802/10979/25959/10763/4739/9535/6376/163782/1003/25876/126820/256949/91663/7111/11076/91807/10391/401236/11346/6711/58526/8477/246176/22899/56203/4135/8850/395/3071/85458/10395/10174/79933/10810/1440/246/1073/5734/84952/28984/1901/9037/5295/51763/6622/859/90952/22998/54959/1906/3055/9912/9353/88/130271/85358/29767/7042/90102/64411/335/116984/5581/9647/171024/91624/129446/93663/2824/26084/6369/57580/11214/11170",81
"GO:0003231","cardiac ventricle development","23/1652","86/16481",0.267441860465116,2.66810490455544,5.17659951102242,8.42245428191869e-06,0.000291184574587989,0.000291184574587989,"3084/5138/26508/6092/4889/23493/2702/7481/4887/2263/4634/187/4092/2294/7134/9353/7048/7042/7049/2022/6586/659/6910",23
"GO:0003279","cardiac septum development","20/1652","69/16481",0.289855072463768,2.8917078990771,5.25563941634621,8.69760902309705e-06,0.000298637767347846,0.000298637767347846,"5138/26508/6092/23493/4091/2702/7481/6909/2263/187/4092/9353/7048/7042/7049/2627/2022/6586/659/6910",20
"GO:0045926","negative regulation of growth","38/1652","182/16481",0.208791208791209,2.08298299763191,4.90348154539098,9.08609277341694e-06,0.000309854306619994,0.000309854306619994,"80014/5950/4099/2658/1601/3373/8692/1630/6532/1410/94/58189/4499/2273/4487/4501/26524/186/2203/64321/85004/56981/81501/56920/9037/344901/859/2697/4881/9353/7042/27244/6586/659/58529/4489/6910/80031",38
"GO:0060271","cilium assembly","66/1652","385/16481",0.171428571428571,1.71023867173988,4.70655774166722,9.45074662836525e-06,0.000320112113837804,0.000320112113837804,"144165/6101/161502/164781/93233/255101/85478/23345/27285/92749/127254/89765/57821/64518/25876/6103/126820/51473/399949/83547/22885/55130/150483/8556/146562/196383/286464/154313/90506/352909/348807/51364/115948/154865/139212/79819/345895/5990/54777/85462/221421/54768/89876/30846/120892/79645/159686/80217/387885/6792/201625/55531/83538/57639/339145/83659/64446/123872/200894/85452/26074/84229/220136/50487/27019/84100",66
"GO:0003014","renal system process","28/1652","117/16481",0.239316239316239,2.38751267564827,5.02704586227185,9.59610987208252e-06,0.000322854354286911,0.000322854354286911,"947/1910/361/6446/2702/8692/358/2013/149461/5155/9429/2621/5137/114/51763/4883/6527/1906/4881/115/6565/554/3043/185/196883/63895/7466/5800",28
"GO:0030239","myofibril assembly","19/1652","64/16481",0.296875,2.96174144975787,5.24822624728223,9.90557344827434e-06,0.000331044264641329,0.000331044264641329,"27063/25802/7111/91807/56203/5239/79933/9172/10324/859/1906/10398/4629/88/10529/29767/7140/58529/11214",19
"GO:0048729","tissue morphogenesis","66/1652","387/16481",0.170542635658915,1.70140022899187,4.66033439500916,1.12416607356894e-05,0.000373208246808021,0.000373208246808021,"27063/144165/3084/8516/9314/2247/85407/255743/6943/26508/6092/23242/79812/10979/54922/2658/83478/10630/6926/3687/140628/2719/23493/650/7481/79192/89780/94/6909/2263/7476/4634/187/10395/23767/4092/2294/186/960/7134/4638/64321/54345/1901/407006/2697/65009/9353/7048/90627/72/3549/8642/7042/7049/2022/90102/55966/659/5420/4855/123872/342574/1839/7075/2255",66
"GO:0003272","endocardial cushion formation","11/1652","25/16481",0.44,4.38961259079903,5.66090180718049,1.16876280245825e-05,0.000381440654043065,0.000381440654043065,"26508/6092/6926/23493/650/6909/187/7048/8642/7042/2022",11
"GO:0035886","vascular associated smooth muscle cell differentiation","11/1652","25/16481",0.44,4.38961259079903,5.66090180718049,1.16876280245825e-05,0.000381440654043065,0.000381440654043065,"4772/23493/2852/5155/10266/187/9444/407006/2627/93649/2022",11
"GO:0061572","actin filament bundle organization","34/1652","157/16481",0.21656050955414,2.16049258956524,4.87648168353256,1.17179055899924e-05,0.000381440654043065,0.000381440654043065,"1490/4653/9839/10979/4739/6376/11346/8477/22899/221692/395/10395/10174/79933/5734/84952/28984/9124/1901/5295/51763/85462/22998/10398/359845/85358/408/90102/335/9647/171024/3936/10580/11170",34
"GO:0035633","maintenance of blood-brain barrier","13/1652","34/16481",0.382352941176471,3.81450291981199,5.48309169099769,1.20979706978294e-05,0.000391271787794959,0.000391271787794959,"83700/9839/6505/1003/7122/5175/6456/284/3569/84879/2697/90952/58494",13
"GO:0045785","positive regulation of cell adhesion","71/1652","427/16481",0.166276346604215,1.65883805592256,4.60392963927922,1.29222571589802e-05,0.000415251763704922,0.000415251763704922,"857/3084/4653/6387/2192/3111/81704/78986/255743/177/3127/5212/10979/3113/240/4739/6376/2494/10630/7010/64805/1601/3373/8013/91663/1326/3575/8477/10326/5588/2013/1842/1012/8613/9223/5155/3071/7402/3913/22915/4092/246/960/9200/6401/79625/3569/64115/3133/2113/1511/6347/140885/7704/7048/1948/3549/7042/7037/57091/3122/5420/335/84034/64332/9647/3553/6237/3552/6403/948",71
"GO:0043434","response to peptide hormone","68/1652","404/16481",0.168316831683168,1.67919473545417,4.61328388350537,1.3010063461749e-05,0.000415410497667184,0.000415410497667184,"857/9314/6387/2690/5251/55022/761/123041/1910/8013/9340/3638/5009/5770/847/6340/249/1036/5588/10365/1636/1393/9365/2852/8850/4921/5468/6844/5919/51052/186/5319/2203/3164/2890/114/858/5295/51763/64506/3727/1906/181/56729/7832/115/23371/88/815/760/1408/1536/1958/7049/2353/2549/9607/185/255738/196883/3553/5320/5166/27019/286753/10580/28999/8835",68
"GO:0042063","gliogenesis","44/1652","227/16481",0.193832599118943,1.93375003999957,4.72814870298527,1.38478524670331e-05,0.000439362559602764,0.000439362559602764,"4653/7846/1959/375387/177/22891/9839/653464/146433/4099/2840/6376/5028/64805/90865/11076/650/57716/153090/1524/6547/257194/1128/1271/9444/4916/3569/407006/6347/4915/5583/163175/5354/7042/3553/2824/3949/407007/745/2255/482/712/728/2358",44
"GO:0042391","regulation of membrane potential","67/1652","398/16481",0.168341708542714,1.67944291676299,4.57971732849462,1.49546489305873e-05,0.000469649412533212,0.000469649412533212,"857/4653/3777/22953/2894/55022/1634/3762/123041/55800/79845/3744/148/3741/2895/2702/30820/10242/83875/6330/6532/140730/7223/3764/1811/2852/4887/1135/170572/2900/2273/1392/9127/6547/477/7476/388135/6327/4092/1128/1080/2890/6332/2776/859/2697/6323/5023/1906/64116/120892/3739/88/2557/85358/3753/845/154/6910/1137/9465/116444/5348/482/63895/4842/948",67
"GO:0061041","regulation of wound healing","29/1652","126/16481",0.23015873015873,2.29615377224336,4.87465875774274,1.49898077010401e-05,0.000469649412533212,0.000469649412533212,"857/2247/7056/10979/53905/240/2160/5627/5155/4921/5196/7128/22915/4638/407006/710/1906/84830/5592/1361/90102/55966/6915/58529/84034/5581/3848/1839/948",29
"GO:0072593","reactive oxygen species metabolic process","39/1652","193/16481",0.202072538860104,2.01595491098872,4.73856563748028,1.55593423262147e-05,0.000484465733424311,0.000484465733424311,"4129/114757/683/7350/55022/6505/761/53905/240/653361/7305/847/83875/1410/2878/84329/5155/90527/7099/6622/1906/140885/4688/120892/7048/3039/3043/1536/27244/185/5581/3040/6571/6649/10516/6441/57580/2358/948",39
"GO:1902895","positive regulation of miRNA transcription","17/1652","55/16481",0.309090909090909,3.0836121505613,5.16606670367831,1.59817245063002e-05,0.000494545586111623,0.000494545586111623,"9314/2247/2624/8862/84913/4091/650/6688/5155/5468/3569/2113/3725/1958/7042/2353/93649",17
"GO:0007156","homophilic cell-cell adhesion","36/1652","173/16481",0.208092485549133,2.0760122604935,4.74862213559509,1.6711976469021e-05,0.000513970172019646,0.000513970172019646,"28513/54538/6092/23705/1003/79633/5101/27328/389118/65217/64084/5175/56131/256158/51294/57575/57463/1012/5098/27255/57863/64072/83259/90952/120114/1088/27253/56137/222256/5797/8642/56099/1008/11122/91624/26025",36
"GO:0051017","actin filament bundle assembly","33/1652","153/16481",0.215686274509804,2.15177087784266,4.77719540029732,1.71095009201228e-05,0.000522987366540096,0.000522987366540096,"1490/4653/9839/10979/4739/6376/11346/8477/22899/221692/395/10395/10174/79933/5734/84952/28984/9124/1901/5295/51763/85462/22998/10398/85358/408/90102/335/9647/171024/3936/10580/11170",33
"GO:0086009","membrane repolarization","16/1652","50/16481",0.32,3.19244552058111,5.18214436479307,1.73435110895014e-05,0.00052692740055558,0.00052692740055558,"857/3762/123041/3741/2702/30820/6330/3764/477/6327/859/3753/845/9465/482/4842",16
"GO:0003203","endocardial cushion morphogenesis","13/1652","35/16481",0.371428571428571,3.70551712210308,5.34788252301977,1.74880122739383e-05,0.000528116900778631,0.000528116900778631,"26508/6092/6926/140628/23493/650/94/6909/187/7048/8642/7042/2022",13
"GO:0003171","atrioventricular valve development","11/1652","26/16481",0.423076923076923,4.22078133730676,5.48563192945235,1.84267249186358e-05,0.000552097805956455,0.000552097805956455,"26508/23493/4091/2702/650/187/7048/8642/7042/6586/659",11
"GO:0006956","complement activation","18/1652","61/16481",0.295081967213115,2.94385345135554,5.07656035334652,1.85023800918979e-05,0.000552097805956455,0.000552097805956455,"732/922/730/729/1675/5199/8547/714/5648/710/11326/2/713/2219/3848/3553/10584/712",18
"GO:0090257","regulation of muscle system process","43/1652","223/16481",0.192825112107623,1.92369895438604,4.63529113337735,1.97080231908001e-05,0.000581369141674938,0.000581369141674938,"84502/857/9314/255743/283383/148/8013/140628/60675/2702/785/786/9254/2852/5468/6547/477/9732/779/4634/187/4092/7134/7222/57158/4883/3727/859/1906/10398/56923/5592/408/1908/93649/7140/9607/1129/29995/1264/845/154/4842",43
"GO:1903034","regulation of response to wounding","33/1652","154/16481",0.214285714285714,2.13779833967485,4.73478379244033,1.97152910601914e-05,0.000581369141674938,0.000581369141674938,"857/2247/8578/7056/10979/53905/240/2160/90865/5627/5155/4921/5196/7128/22915/4638/407006/710/1906/146760/84830/5592/1361/90102/55966/6915/58529/84034/5581/3848/1839/407007/948",33
"GO:0001945","lymph vessel development","10/1652","22/16481",0.454545454545455,4.53472375082545,5.53723287189763,2.07727786273e-05,0.000603386791524452,0.000603386791524452,"79652/10630/147372/2324/94/54345/22846/659/79987/7075",10
"GO:0060976","coronary vasculature development","10/1652","22/16481",0.454545454545455,4.53472375082545,5.53723287189763,2.07727786273e-05,0.000603386791524452,0.000603386791524452,"2247/8862/2719/23493/2852/187/7049/2627/93649/6910",10
"GO:0001570","vasculogenesis","17/1652","56/16481",0.303571428571429,3.02854764787271,5.0752124903923,2.08230430747517e-05,0.000603386791524452,0.000603386791524452,"857/947/54922/2658/23493/55273/2013/10266/187/64321/54345/7048/7049/2022/6910/6237/7075",17
"GO:0003002","regionalization","45/1652","238/16481",0.189075630252101,1.88629265265428,4.5968485761931,2.13676267953957e-05,0.000615608696122521,0.000615608696122521,"144165/219670/3202/85407/164781/26508/6092/23242/391723/6926/140628/23493/4091/650/55130/7481/79192/56603/94/6909/146845/115948/187/79365/7044/64321/3201/54345/7092/65009/7048/3549/25928/83538/2022/64446/659/123872/25790/7482/200894/220136/27019/84100/712",45
"GO:0001906","cell killing","41/1652","210/16481",0.195238095238095,1.94777182059264,4.61353701546282,2.24841143462713e-05,0.000644073515530617,0.000644073515530617,"5551/6362/732/6387/177/730/23705/387837/729/3596/6283/388646/7305/2921/2215/56253/1776/2214/2013/5473/1610/6688/1524/3071/5196/4818/2920/4069/5295/3133/1511/383/9437/3811/3122/64332/1669/5320/8993/1668/3824",41
"GO:0050728","negative regulation of inflammatory response","35/1652","169/16481",0.207100591715976,2.06611673854177,4.64967074559792,2.42149197801569e-05,0.000689712459420036,0.000689712459420036,"9314/2268/6095/4772/240/6376/2494/338557/1003/3596/7010/8013/4889/90865/160364/2852/5468/7128/55075/5734/8809/4210/407006/5740/3055/140885/64116/335/10162/3553/3949/407007/3552/969/2358",35
"GO:0048662","negative regulation of smooth muscle cell proliferation","15/1652","46/16481",0.326086956521739,3.25317138646173,5.10758945436052,2.45750561825116e-05,0.000696015574253845,0.000696015574253845,"9314/8862/650/8490/2852/5468/7128/4969/4881/65009/5592/5739/93649/659/1264",15
"GO:0090066","regulation of anatomical structure size","68/1652","412/16481",0.16504854368932,1.64658901243565,4.43619058256992,2.49908252188722e-05,0.000703814645068575,0.000703814645068575,"857/6387/81553/25802/7431/25959/1910/4099/148/5028/163782/256949/361/91663/7111/2702/10242/1630/6711/5175/6532/10365/1636/358/56203/627/2852/8850/3071/9732/1440/246/1073/186/56920/9037/859/146/153/90952/1906/3055/4881/120892/6560/9353/88/554/3043/130271/5592/85358/6792/1908/29767/2549/659/6915/185/5581/154/93663/51393/80031/6369/79987/57580/4842",68
"GO:0071222","cellular response to lipopolysaccharide","38/1652","190/16481",0.2,1.9952784503632,4.60548340882102,2.53323980643993e-05,0.000709448667580076,0.000709448667580076,"27063/57088/7538/8564/2623/2204/7431/1910/6376/820/23328/5473/153090/6688/388325/1524/5196/7128/1440/968/8809/114769/3569/7099/1511/6347/9450/3055/140885/1948/10865/6915/5581/64332/3553/3552/558/948",38
"GO:0030324","lung development","19/1652","68/16481",0.279411764705882,2.78752136447799,4.92991470494563,2.5760136465776e-05,0.000717419800571861,0.000717419800571861,"6943/5251/5950/51208/10630/3596/650/7481/21/6909/2263/2294/91461/2034/659/123872/4311/6441/2255",19
"GO:0060411","cardiac septum morphogenesis","16/1652","52/16481",0.307692307692308,3.06965915440492,4.98910481876837,3.00756303147945e-05,0.000828401839384971,0.000828401839384971,"26508/6092/23493/4091/6909/2263/187/4092/9353/7048/7042/7049/2627/2022/6586/659",16
"GO:2000351","regulation of endothelial cell apoptotic process","16/1652","52/16481",0.307692307692308,3.06965915440492,4.98910481876837,3.00756303147945e-05,0.000828401839384971,0.000828401839384971,"2624/1003/406913/3596/7010/5770/2852/10266/2621/7128/284/79625/28984/9037/6347/641700",16
"GO:0007162","negative regulation of cell adhesion","49/1652","271/16481",0.180811808118081,1.80384952154606,4.45343982201357,3.20939898126121e-05,0.000879164868473357,0.000879164868473358,"4653/9314/6387/2192/83700/7805/8322/57556/6376/91663/650/10391/5770/6693/5322/1843/56253/94/1012/6688/395/10395/284/9404/4092/28984/64115/9037/3133/407006/1511/11326/84830/383/5592/3549/90102/55966/5420/4855/335/9647/81848/5320/407007/6441/969/5800/11170",49
"GO:0006691","leukotriene metabolic process","12/1652","32/16481",0.375,3.74114709443099,5.18042359250304,3.29472463524268e-05,0.000897633401982149,0.000897633401982149,"240/820/1357/5322/92086/5319/241/2681/91227/4056/64174/728226",12
"GO:0009620","response to fungus","17/1652","58/16481",0.293103448275862,2.92411497035986,4.89944020274077,3.45664105772377e-05,0.000936656303911852,0.000936656303911852,"85480/7432/820/6283/695/5322/93978/6688/388325/1524/5919/7099/26253/383/1669/1668/338339",17
"GO:0043491","phosphatidylinositol 3-kinase/protein kinase B signal transduction","49/1652","272/16481",0.180147058823529,1.7972177218345,4.42497659369058,3.54176846303501e-05,0.000954563726085727,0.000954563726085727,"4653/9314/2247/2268/6425/8395/1634/10979/6376/406913/7010/64805/375033/5770/8692/5627/5175/9846/2214/2852/153090/5155/1524/4921/113791/2621/284/1440/23533/4916/28984/9037/26051/5295/51763/4915/1906/84830/7042/2022/2549/10268/57091/3553/1839/6237/6403/558/2358",49
"GO:0098801","regulation of renal system process","9/1652","19/16481",0.473684210526316,4.72565948770231,5.42333402686035,3.62807567605233e-05,0.000972595901820873,0.000972595901820873,"2702/2013/5155/2621/5137/51763/4881/185/5800",9
"GO:0030323","respiratory tube development","19/1652","70/16481",0.271428571428571,2.70787789692148,4.77931887872047,4.01432115757853e-05,0.00107041446611389,0.00107041446611389,"6943/5251/5950/51208/10630/3596/650/7481/21/6909/2263/2294/91461/2034/659/123872/4311/6441/2255",19
"GO:0008277","regulation of G protein-coupled receptor signaling pathway","31/1652","146/16481",0.212328767123288,2.11827506716641,4.52994775413571,4.18843821956348e-05,0.00110802715648641,0.00110802715648641,"6003/5138/8787/123041/8862/246176/8490/11318/2852/2869/57528/10266/187/6004/5064/858/6622/2788/1906/181/120892/64407/9353/815/408/10268/6586/22844/154/4842/115207",31
"GO:0042742","defense response to bacterium","47/1652","259/16481",0.181467181467181,1.81038778314807,4.38751143505634,4.19958427553197e-05,0.00110802715648641,0.00110802715648641,"2268/6556/354/55576/85480/79812/53905/7432/6590/820/6283/388646/90865/1755/3575/6693/81035/358/58484/128488/5473/1610/5199/5919/57119/5319/115361/8809/306/4069/3569/7099/3133/400709/1511/6565/84034/115727/64332/3553/1669/5320/8993/1668/6403/6441/2358",47
"GO:1905207","regulation of cardiocyte differentiation","11/1652","28/16481",0.392857142857143,3.91929695607056,5.16015127797511,4.23822981389781e-05,0.0011123689035115,0.0011123689035115,"144165/23493/650/89780/2852/64321/1948/7042/93649/6910/407007",11
"GO:0032835","glomerulus development","17/1652","59/16481",0.288135593220339,2.87455369967579,4.81435998267814,4.40667914405473e-05,0.00115055638276804,0.00115055638276804,"947/1285/6943/1286/26508/7010/51196/5175/358/5155/284/186/1906/1958/5420/28999/5800",17
"GO:0072132","mesenchyme morphogenesis","14/1652","43/16481",0.325581395348837,3.24812770989357,4.92672601509895,4.65547148486259e-05,0.00120921650536871,0.00120921650536871,"26508/6092/6926/140628/23493/650/94/6909/187/7048/72/8642/7042/2022",14
"GO:0042044","fluid transport","12/1652","33/16481",0.363636363636364,3.62777900066036,5.0433249524676,4.70746619397554e-05,0.00121018092463587,0.00121018092463587,"1910/51208/361/8692/358/1080/51763/1906/6563/554/366/89872",12
"GO:0060412","ventricular septum morphogenesis","12/1652","33/16481",0.363636363636364,3.62777900066036,5.0433249524676,4.70746619397554e-05,0.00121018092463587,0.00121018092463587,"26508/6092/23493/2263/187/4092/9353/7048/7042/7049/6586/659",12
"GO:0045123","cellular extravasation","18/1652","65/16481",0.276923076923077,2.76269323896443,4.75255813383801,4.75800053067754e-05,0.00121693146225952,0.00121693146225952,"683/6387/83700/177/6376/6693/5175/10894/1524/5734/6401/6347/140885/6404/58494/120425/3683/6403",18
"GO:0032231","regulation of actin filament bundle assembly","23/1652","95/16481",0.242105263157895,2.41533707149229,4.61756377244899,4.79790243161047e-05,0.00122090786241946,0.00122090786241946,"1490/4653/10979/6376/11346/8477/22899/395/10395/10174/79933/5734/84952/28984/1901/5295/51763/22998/85358/90102/335/9647/171024",23
"GO:0002357","defense response to tumor cell","7/1652","12/16481",0.583333333333333,5.81956214689266,5.57432499722098,5.04688955744295e-05,0.00127778067431624,0.00127778067431624,"5551/9314/7805/6688/27303/9940/1612",7
"GO:0071466","cellular response to xenobiotic stimulus","34/1652","168/16481",0.202380952380952,2.01903176524847,4.43101415493052,5.15159838570689e-05,0.00129773681947481,0.00129773681947481,"27063/5138/1551/6095/11309/13/2940/1572/5243/6283/316/1543/1393/56603/1012/1553/2621/217/2327/590/2203/6579/1906/6817/10249/27233/348158/7037/1544/5581/9647/3553/969/4842",34
"GO:0045165","cell fate commitment","36/1652","182/16481",0.197802197802198,1.97335231354602,4.40710068124147,5.21641217944275e-05,0.00130749371277733,0.00130749371277733,"9314/2247/6660/2623/2624/9496/6886/10630/6926/140628/650/6693/7481/89780/56603/7148/6909/5468/2263/7476/7472/64321/56981/7483/4916/3569/1906/50846/3549/2627/2034/4855/7482/9021/6910/969",36
"GO:0046683","response to organophosphorus","26/1652","115/16481",0.226086956521739,2.25553216128014,4.5095497373479,5.61773237749894e-05,0.00140107922429862,0.00140107922429862,"5138/22953/2623/53905/5028/64805/1036/1843/6532/358/1393/4327/1811/9127/6547/2203/1080/7222/2354/51763/5187/5023/3753/2353/366/9465",26
"GO:0034762","regulation of transmembrane transport","58/1652","346/16481",0.167630057803468,1.67234320984199,4.21863819417231,6.18582072129012e-05,0.00152429700710987,0.00152429700710987,"84959/84502/857/55600/22953/59285/55022/8787/6376/338557/1318/3596/8013/30820/786/9002/1393/57463/2852/2273/1392/477/53826/6844/187/7402/5319/2890/117/5295/7222/51763/57158/2040/6622/859/5023/1906/1612/5797/760/246329/1804/3753/9607/5581/255738/845/6769/3553/8514/10580/7881/9465/5348/482/283518/4842",58
"GO:0001774","microglial cell activation","14/1652","44/16481",0.318181818181818,3.17430662557781,4.82018317531671,6.20300397866375e-05,0.00152429700710987,0.00152429700710987,"177/6376/3596/7305/90865/1524/3569/6622/120892/3553/3949/712/728/2358",14
"GO:0002269","leukocyte activation involved in inflammatory response","14/1652","44/16481",0.318181818181818,3.17430662557781,4.82018317531671,6.20300397866375e-05,0.00152429700710987,0.00152429700710987,"177/6376/3596/7305/90865/1524/3569/6622/120892/3553/3949/712/728/2358",14
"GO:0043535","regulation of blood vessel endothelial cell migration","24/1652","103/16481",0.233009708737864,2.32459625285033,4.50090030776577,6.42913372366586e-05,0.00157215840764571,0.00157215840764571,"9314/2247/2624/79812/57381/2658/406913/94/5155/5468/22915/284/4223/186/28984/407006/2113/22846/90627/57608/7049/2549/51378/6915",24
"GO:0001990","regulation of systemic arterial blood pressure by hormone","13/1652","39/16481",0.333333333333333,3.32546408393866,4.85279907873036,6.56217443513026e-05,0.00159690196326738,0.00159690196326738,"1215/1359/1910/1636/5137/186/1511/1906/554/1908/185/4311/63895",13
"GO:0006909","phagocytosis","41/1652","220/16481",0.186363636363636,1.85923673783843,4.28231140663012,6.84356817663396e-05,0.00165733368451527,0.00165733368451527,"2268/177/6556/2624/653509/695/8406/3687/7305/22918/5322/4481/81035/5175/10326/5199/146722/8547/3071/2621/3953/246/5648/9936/306/7099/6347/3055/140885/4688/8685/2219/335/5581/3683/3949/6441/10584/558/2358/948",41
"GO:0002262","myeloid cell homeostasis","27/1652","123/16481",0.219512195121951,2.18993976259375,4.42119961333003,7.02373541762478e-05,0.00169278777156505,0.00169278777156505,"2038/25893/3202/7538/2623/440712/2204/51327/6886/212/695/80739/6688/3071/3569/407006/2113/3039/3043/3042/7049/2034/51621/3040/407007/338442/3045",27
"GO:0001818","negative regulation of cytokine production","50/1652","287/16481",0.174216027874564,1.73804743062996,4.2099394166271,7.23243142419734e-05,0.00173474539375604,0.00173474539375604,"4829/9314/7538/2192/947/177/6556/53832/7805/6376/338557/3596/695/388646/7305/90865/10365/1524/3071/4792/2621/7128/4092/6614/5734/114769/4210/9444/28984/3569/7099/64115/407006/11326/140885/383/408/7042/2627/5552/335/9173/3553/407007/945/3552/353514/28999/6441/558",50
"GO:0071219","cellular response to molecule of bacterial origin","38/1652","199/16481",0.190954773869347,1.90503972647742,4.28714328198792,7.27306528114348e-05,0.00173618458354154,0.00173618458354154,"27063/57088/7538/8564/2623/2204/7431/1910/6376/820/23328/5473/153090/6688/388325/1524/5196/7128/1440/968/8809/114769/3569/7099/1511/6347/9450/3055/140885/1948/10865/6915/5581/64332/3553/3552/558/948",38
"GO:0061900","glial cell activation","15/1652","50/16481",0.3,2.99291767554479,4.7105330576623,7.35025163330349e-05,0.00174574659792286,0.00174574659792286,"177/9839/6376/3596/7305/90865/1524/3569/6622/120892/3553/3949/712/728/2358",15
"GO:0030900","forebrain development","45/1652","250/16481",0.18,1.79575060532688,4.23157493212813,7.39979762321465e-05,0.00174574659792286,0.00174574659792286,"26153/6387/7846/6092/653464/6867/79633/5101/64805/7305/650/9638/223117/2066/358/26468/89780/221692/153090/1392/2263/6547/477/7476/85458/10395/4900/2890/79625/56920/9037/84879/4915/146760/120892/23287/9353/554/5449/85358/2353/7482/200894/6751/482",45
"GO:0031623","receptor internalization","28/1652","130/16481",0.215384615384615,2.14876140808344,4.38891375499814,7.41759476077337e-05,0.00174574659792286,0.00174574659792286,"857/3084/2690/3579/8862/2207/160622/9413/89780/10266/187/284/2890/6401/284654/3577/6622/859/10203/23237/1948/408/146395/440073/7037/10268/255738/948",28
"GO:0048762","mesenchymal cell differentiation","41/1652","221/16481",0.18552036199095,1.85082390192061,4.25014004606051,7.60499572498276e-05,0.00178148801725881,0.00178148801725881,"2295/3084/6943/55698/25937/26508/10979/57556/10630/6926/1601/140628/23493/650/223117/2066/2013/153090/4487/2263/4092/9444/28984/3569/56920/202151/9037/407006/7869/6275/1906/152007/7048/7042/7049/2022/4855/6910/3553/80031/407007",41
"GO:0006690","icosanoid metabolic process","26/1652","117/16481",0.222222222222222,2.21697605595911,4.40918094224603,7.64357104398368e-05,0.00178219635551117,0.00178219635551117,"240/1572/820/1357/5322/1543/58484/1553/92086/2171/246/5319/241/5730/27306/5740/1906/2681/91227/4056/64174/1544/728226/3553/50487/57406",26
"GO:0019722","calcium-mediated signaling","40/1652","214/16481",0.186915887850467,1.86474621529271,4.2498100171446,7.79938726495353e-05,0.00181010779440797,0.00181010779440797,"84502/51554/683/151651/22953/1827/150372/123041/4772/1910/3579/2494/90139/64805/695/9034/51196/57192/2214/1012/1524/477/2890/6401/57158/3577/5023/11251/1906/120892/56923/10316/10268/185/58529/29995/845/201191/4842/2358",40
"GO:0002697","regulation of immune effector process","56/1652","334/16481",0.167664670658683,1.67268852126256,4.14542460018451,8.17291597185335e-05,0.00187939576912389,0.00187939576912389,"2268/922/177/2623/354/2624/7805/5950/23705/246778/653361/387837/729/3596/695/8013/7305/90865/51744/117157/5322/56253/9846/1776/1178/5199/3726/6688/388325/8547/1524/3071/4092/5648/8809/3569/3133/710/11326/383/2/9437/7042/8741/2219/10865/7037/3122/335/115727/64332/3553/50487/3824/10584/969",56
"GO:0051960","regulation of nervous system development","56/1652","334/16481",0.167664670658683,1.67268852126256,4.14542460018451,8.17291597185335e-05,0.00187939576912389,0.00187939576912389,"80059/6387/1959/22891/26508/6092/8322/84631/7431/146433/4099/6376/391723/2895/3687/23493/11076/650/1630/64084/89780/4135/627/57463/2852/1524/7476/257194/79365/7472/1271/9444/4916/3569/56920/9037/94030/22865/4915/5789/5583/146760/163175/9353/85358/6792/58494/659/4311/3553/51393/3949/80031/222223/745/4842",56
"GO:0009612","response to mechanical stimulus","37/1652","193/16481",0.191709844559585,1.91257260786109,4.25637511521843,8.25489548102036e-05,0.00188957949983356,0.00188957949983356,"27063/2247/5138/838/6387/7846/1827/4099/5028/374462/3596/7010/3741/5175/358/50964/51311/4921/477/5734/7099/2354/3727/859/6323/1906/9033/56729/7832/3549/85358/2353/2549/8796/3553/117532/63895",37
"GO:0009410","response to xenobiotic stimulus","57/1652","342/16481",0.166666666666667,1.66273204196933,4.13371378672151,8.38388877225196e-05,0.00191038338251359,0.00191038338251359,"27063/144165/5138/1551/3777/6095/11309/5950/6573/13/2940/1572/148/5243/6283/316/79762/5009/847/1543/6532/21/1393/56603/1012/1553/1392/3071/2621/217/2327/590/2203/2890/6579/117/2354/1906/7356/6817/7048/5797/10249/27233/1536/2353/2627/348158/7037/1544/6915/5581/64332/9647/3553/969/4842",57
"GO:2000630","positive regulation of miRNA metabolic process","17/1652","62/16481",0.274193548387097,2.73546239162696,4.56946539396067,8.78076369256129e-05,0.00199176327560225,0.00199176327560225,"9314/2247/2624/8862/84913/4091/650/6688/5155/5468/3569/2113/3725/1958/7042/2353/93649",17
"GO:0042119","neutrophil activation","13/1652","40/16481",0.325,3.24232748184019,4.73906443030511,8.83623017536499e-05,0.00199531630041012,0.00199531630041012,"2204/3579/820/7305/160364/2207/1776/6688/306/3577/1511/5320/57580",13
"GO:0010811","positive regulation of cell-substrate adhesion","24/1652","105/16481",0.228571428571429,2.28031822898651,4.39274867323286,8.90068631972879e-05,0.00199734446621957,0.00199734446621957,"4653/2192/255743/5212/10979/4739/6376/7010/1601/91663/2013/1842/1012/8613/5155/7402/246/9200/79625/57091/335/9647/6237/948",24
"GO:2000352","negative regulation of endothelial cell apoptotic process","11/1652","30/16481",0.366666666666667,3.65801049233253,4.8634993225916,8.92489847263482e-05,0.00199734446621957,0.00199734446621957,"2624/1003/406913/3596/7010/10266/2621/7128/284/79625/9037",11
"GO:0048661","positive regulation of smooth muscle cell proliferation","20/1652","80/16481",0.25,2.494098062954,4.47112307267017,9.07049510593115e-05,0.00202090630960146,0.00202090630960146,"2247/6376/3596/8013/4889/1012/5155/4921/2263/9510/28984/3569/1901/5295/407006/2697/1906/3725/1839/407007",20
"GO:0040008","regulation of growth","72/1652","461/16481",0.156182212581345,1.55813501546801,4.056824019606,9.17413611826944e-05,0.00203495329030463,0.00203495329030463,"80014/3084/2247/26153/6387/2690/10718/5950/7431/4099/4593/2658/1601/32/3373/57144/6446/8425/8692/1630/2066/6532/5588/1410/627/94/58189/4499/6909/2273/4487/2263/4501/26524/4092/186/2203/64321/85004/56981/81501/56920/9037/84879/344901/859/2697/1906/58191/4881/158376/9353/6792/7042/7049/10235/27244/6586/659/8825/185/58529/9647/4489/6910/51393/1839/80031/407007/8835/7466/11170",72
"GO:0007160","cell-matrix adhesion","41/1652","223/16481",0.183856502242152,1.8342245844146,4.1862922990452,9.36302301629349e-05,0.002067701955096,0.002067701955096,"8516/4653/683/947/255743/10979/80144/55901/6376/7010/3687/10391/1305/2013/10894/8515/94/1842/1012/8613/395/79834/10395/7402/83706/6614/960/22998/88/166752/90102/55966/9647/2824/3683/6237/10516/79987/10580/11170/948",41
"GO:0006937","regulation of muscle contraction","32/1652","159/16481",0.20125786163522,2.00782737143466,4.2621204317107,9.43995143677059e-05,0.00207023394196547,0.00207023394196547,"84502/857/255743/283383/148/60675/2702/785/786/9254/2852/6547/477/9732/779/4634/4092/7134/57158/859/1906/10398/56923/5592/1908/93649/7140/1129/1264/845/154/4842",32
"GO:0061756","leukocyte adhesion to vascular endothelial cell","15/1652","51/16481",0.294117647058824,2.93423301523999,4.61745626736369,9.45708303830227e-05,0.00207023394196547,0.00207023394196547,"9314/6387/240/6693/1524/6401/3569/407006/2113/64116/6404/1948/58494/407007/6403",15
"GO:0001991","regulation of systemic arterial blood pressure by circulatory renin-angiotensin","9/1652","21/16481",0.428571428571429,4.27559667934971,5.01317478585164,9.58442088929893e-05,0.00208898703991546,0.00208898703991546,"1215/1359/1910/1636/5137/186/1511/4311/63895",9
"GO:0014074","response to purine-containing compound","28/1652","132/16481",0.212121212121212,2.11620441705187,4.29746945005023,9.82777043211846e-05,0.00213275381715194,0.00213275381715194,"5138/22953/2623/53905/5028/64805/1036/1843/6532/358/1393/4327/1811/9127/6547/779/2203/1080/7222/2354/51763/5187/5023/3753/2353/845/366/9465",28
"GO:0007043","cell-cell junction assembly","29/1652","139/16481",0.20863309352518,2.081405577717,4.27337588471652,0.000101644041870836,0.00219629992197629,0.00219629992197629,"28513/857/83700/5010/51208/2658/1003/7122/2701/2702/5175/1636/94/151306/1012/149461/10266/187/4092/2697/90952/5583/222256/1008/6910/3553/23136/84612/5800",29
"GO:0051924","regulation of calcium ion transport","37/1652","195/16481",0.18974358974359,1.8929564785497,4.18666368643605,0.000103180238047758,0.00221992503576571,0.00221992503576571,"84959/84502/857/151651/6387/22953/59285/8787/196996/6376/90139/3596/786/9002/2852/5155/1392/477/187/57119/5319/4638/117/7222/51763/57158/6622/859/6347/5023/815/845/51393/353514/116444/7466/4842",37
"GO:0001894","tissue homeostasis","36/1652","188/16481",0.191489361702128,1.91037298439029,4.19011024631801,0.000104845449187121,0.00222079638600014,0.00222079638600014,"144165/84959/6101/7846/947/83700/25937/9839/5950/6505/80144/1003/7122/65217/54/216/249/5175/6456/7128/284/64072/3569/7099/81501/1901/84879/2697/90952/64116/166752/58494/9607/64332/5166/482",36
"GO:0060249","anatomical structure homeostasis","36/1652","188/16481",0.191489361702128,1.91037298439029,4.19011024631801,0.000104845449187121,0.00222079638600014,0.00222079638600014,"144165/84959/6101/7846/947/83700/25937/9839/5950/6505/80144/1003/7122/65217/54/216/249/5175/6456/7128/284/64072/3569/7099/81501/1901/84879/2697/90952/64116/166752/58494/9607/64332/5166/482",36
"GO:0031640","killing of cells of another organism","21/1652","87/16481",0.241379310344828,2.40809468147282,4.39518046331698,0.000105511298768111,0.00222079638600014,0.00222079638600014,"5551/6362/732/6387/730/729/6283/388646/2921/5473/1610/5196/4818/2920/4069/1511/383/1669/5320/8993/1668",21
"GO:0035023","regulation of Rho protein signal transduction","21/1652","87/16481",0.241379310344828,2.40809468147282,4.39518046331698,0.000105511298768111,0.00222079638600014,0.00222079638600014,"4653/81704/10979/25959/54922/7010/22899/10395/79933/257106/139818/79567/286205/9754/90627/408/2828/335/171024/57493/11214",21
"GO:0141061","disruption of cell in another organism","21/1652","87/16481",0.241379310344828,2.40809468147282,4.39518046331698,0.000105511298768111,0.00222079638600014,0.00222079638600014,"5551/6362/732/6387/730/729/6283/388646/2921/5473/1610/5196/4818/2920/4069/1511/383/1669/5320/8993/1668",21
"GO:0045807","positive regulation of endocytosis","31/1652","153/16481",0.202614379084967,2.02136052160977,4.23629289448488,0.000105878782416524,0.00222079638600014,0.00222079638600014,"6556/2624/8862/1601/695/2719/5322/10326/89780/5199/146722/8547/3071/2621/187/284/5648/6401/6622/859/6347/140885/120892/408/2219/335/255738/6441/10584/558/2358",31
"GO:0060840","artery development","17/1652","63/16481",0.26984126984127,2.69204235366463,4.49106221429051,0.000109156407896091,0.00226116145778143,0.00226116145778143,"5138/1959/6092/23493/2702/94/6909/187/4092/2294/4638/1906/7048/7042/2022/659/3949",17
"GO:0140962","multicellular organismal-level chemical homeostasis","17/1652","63/16481",0.26984126984127,2.69204235366463,4.49106221429051,0.000109156407896091,0.00226116145778143,0.00226116145778143,"6556/361/6340/8692/21/358/1080/79901/114/51763/115/554/221395/7037/196883/6441/7466",17
"GO:1903053","regulation of extracellular matrix organization","17/1652","63/16481",0.26984126984127,2.69204235366463,4.49106221429051,0.000109156407896091,0.00226116145778143,0.00226116145778143,"10218/2264/10630/7078/650/8434/7148/4921/5468/3913/28984/3569/84830/7042/7049/11107/7075",17
"GO:0050766","positive regulation of phagocytosis","18/1652","69/16481",0.260869565217391,2.60253710916939,4.45225037185558,0.000111585116329467,0.00229001069085825,0.00229001069085825,"6556/2624/695/5322/10326/5199/146722/8547/3071/2621/5648/6347/140885/2219/335/6441/10584/2358",18
"GO:1990868","response to chemokine","23/1652","100/16481",0.23,2.29457021791768,4.33394204126017,0.000111919533066082,0.00229001069085825,0.00229001069085825,"51554/6362/6387/81704/3579/2840/6376/9034/1843/9413/6360/11318/1524/2532/79567/3577/6347/1906/9353/6586/6358/6368/6369",23
"GO:1990869","cellular response to chemokine","23/1652","100/16481",0.23,2.29457021791768,4.33394204126017,0.000111919533066082,0.00229001069085825,0.00229001069085825,"51554/6362/6387/81704/3579/2840/6376/9034/1843/9413/6360/11318/1524/2532/79567/3577/6347/1906/9353/6586/6358/6368/6369",23
"GO:1902904","negative regulation of supramolecular fiber organization","30/1652","147/16481",0.204081632653061,2.03599841873796,4.21113512286845,0.000118541600516305,0.00241564651783837,0.00241564651783837,"4653/25802/25959/9535/163782/1003/25876/126820/256949/91663/7111/6711/58526/246176/1410/56203/395/10395/84952/1901/5295/51763/6622/859/9353/130271/85358/29767/90102/3949",30
"GO:0007266","Rho protein signal transduction","28/1652","134/16481",0.208955223880597,2.08461927649886,4.20763810179573,0.000129173596648932,0.0026216487449437,0.0026216487449437,"4653/81704/8727/10979/25959/54922/10630/7010/22899/1012/395/10395/79933/257106/139818/79567/286205/9754/120892/90627/9411/408/2828/335/185/171024/57493/11214",28
"GO:0051492","regulation of stress fiber assembly","20/1652","82/16481",0.24390243902439,2.43326640288195,4.34263028298741,0.000131063424294063,0.00264927800800862,0.00264927800800862,"1490/4653/10979/11346/8477/22899/395/10395/10174/79933/5734/84952/28984/1901/5295/51763/22998/90102/335/9647",20
"GO:0030308","negative regulation of cell growth","30/1652","148/16481",0.202702702702703,2.0222416726654,4.16945365309816,0.000134679414840227,0.00271143737587975,0.00271143737587975,"4099/2658/1601/3373/8692/1630/1410/94/58189/2273/4487/26524/186/2203/64321/85004/56981/81501/56920/9037/344901/859/2697/4881/9353/7042/27244/6586/659/80031",30
"GO:0019221","cytokine-mediated signaling pathway","75/1652","491/16481",0.152749490835031,1.52388883683544,3.93353801105047,0.000136213503168241,0.00273135316552958,0.00273135316552958,"51554/11024/6362/25939/6387/2690/3568/440712/53832/8638/7805/6505/85480/8322/53905/246778/11025/146433/3579/2840/6376/3596/79168/90865/2207/9034/5770/3575/9413/6360/11318/146722/153090/6688/5155/1524/5468/4792/5196/2621/7128/2532/3953/1440/960/1271/8809/114769/3569/5295/3577/1511/6347/1906/3055/9353/383/1958/3563/6586/335/9021/64332/6358/9173/3553/6368/1441/3552/6369/353514/50604/8835/3977/558",75
"GO:0060986","endocrine hormone secretion","14/1652","47/16481",0.297872340425532,2.97169130905157,4.51797582100935,0.00013826847284348,0.00275055497763637,0.00275055497763637,"6926/1601/1393/84417/1392/5468/2776/2697/56729/1408/80223/185/3553/338442",14
"GO:1902930","regulation of alcohol biosynthetic process","14/1652","47/16481",0.297872340425532,2.97169130905157,4.51797582100935,0.00013826847284348,0.00275055497763637,0.00275055497763637,"27122/5028/1601/650/51744/3638/2852/117/9444/6622/5745/9619/10162/115330",14
"GO:0072073","kidney epithelium development","24/1652","108/16481",0.222222222222222,2.21697605595911,4.23503957453011,0.000142034898584881,0.00281431204192098,0.00281431204192098,"2247/947/255743/6943/26508/6092/25959/2719/4091/650/847/5175/7481/358/79192/2263/4092/186/168667/1906/9353/5420/28999/5800",24
"GO:1903587","regulation of blood vessel endothelial cell proliferation involved in sprouting angiogenesis","9/1652","22/16481",0.409090909090909,4.0812513757429,4.82685709183329,0.000147816737538467,0.0029062176299995,0.0029062176299995,"2247/2624/79812/406913/187/26051/57608/185/407007",9
"GO:0015671","oxygen transport","6/1652","10/16481",0.6,5.98583535108959,5.26387589570965,0.000147832734021518,0.0029062176299995,0.0029062176299995,"114757/3039/3043/3042/3040/3045",6
"GO:0071560","cellular response to transforming growth factor beta stimulus","42/1652","235/16481",0.178723404255319,1.78301478543094,4.03513772179606,0.00014894611523027,0.00290992825576649,0.00290992825576649,"27063/5138/6660/124857/375387/1028/9372/27122/9839/10979/1003/7122/1601/4091/650/8425/8692/79674/94/2615/6688/4921/5468/2263/7476/26524/4092/2662/7472/83891/28984/1906/7048/3725/7042/7049/2353/93649/2022/64332/1030/4093",42
"GO:0051928","positive regulation of calcium ion transport","21/1652","89/16481",0.235955056179775,2.35398019424871,4.27483183378455,0.000149182438007578,0.00290992825576649,0.00290992825576649,"857/6387/22953/6376/3596/9002/2852/5155/1392/187/5319/4638/117/7222/6622/6347/5023/815/51393/353514/7466",21
"GO:0007368","determination of left/right symmetry","20/1652","83/16481",0.240963855421687,2.40394994019662,4.27979454074339,0.000156632007223036,0.00303164576142502,0.00303164576142502,"219670/164781/55130/6909/146845/115948/187/64321/54345/65009/7048/3549/83538/2022/64446/123872/25790/220136/27019/84100",20
"GO:0060541","respiratory system development","20/1652","83/16481",0.240963855421687,2.40394994019662,4.27979454074339,0.000156632007223036,0.00303164576142502,0.00303164576142502,"6943/5251/5950/51208/10630/3596/650/7481/21/6909/4487/2263/2294/91461/2034/659/123872/4311/6441/2255",20
"GO:0051896","regulation of phosphatidylinositol 3-kinase/protein kinase B signal transduction","43/1652","243/16481",0.176954732510288,1.76536982233781,4.01176878935492,0.000157319619275459,0.00303324327472259,0.00303324327472259,"4653/9314/2247/2268/6425/8395/1634/10979/6376/406913/7010/64805/5770/8692/5627/5175/2852/153090/5155/1524/4921/113791/2621/284/1440/23533/4916/9037/26051/51763/4915/84830/7042/2022/2549/10268/57091/3553/1839/6237/6403/558/2358",43
"GO:0071216","cellular response to biotic stimulus","40/1652","221/16481",0.180995475113122,1.8056818555323,4.02464095196716,0.0001605360500354,0.00308339930585234,0.00308339930585234,"27063/57088/7538/8564/2623/2204/7431/1910/6376/820/695/23328/5473/153090/6688/388325/1524/5196/7128/1440/968/8809/114769/3569/7099/1511/6347/9450/3055/140885/1948/10865/6915/5581/64332/3553/3552/558/7466/948",40
"GO:0051058","negative regulation of small GTPase mediated signal transduction","16/1652","59/16481",0.271186440677966,2.70546230557722,4.38008763224922,0.000161887422840439,0.00309748721640886,0.00309748721640886,"4653/54922/83478/153090/10395/84952/257106/2203/79567/286205/9912/9353/9411/7042/81848/57493",16
"GO:0050920","regulation of chemotaxis","35/1652","185/16481",0.189189189189189,1.88742556115437,4.05139868356685,0.000166317686458688,0.00317015422896351,0.00317015422896351,"683/2247/6387/83700/23604/6092/2277/4739/146433/3579/64805/1843/1012/6688/5155/1524/3071/2621/5919/4858/4916/3569/1901/9037/3577/6347/1906/9353/1948/1908/659/9647/728/2358/5800",35
"GO:0060021","roof of mouth development","12/1652","37/16481",0.324324324324324,3.23558667626464,4.54376993070756,0.000168093956861549,0.00317983021036583,0.00317983021036583,"2295/6943/7122/7481/89780/2615/4487/7476/91461/7048/7042/7049",12
"GO:0071402","cellular response to lipoprotein particle stimulus","12/1652","37/16481",0.324324324324324,3.23558667626464,4.54376993070756,0.000168093956861549,0.00317983021036583,0.00317983021036583,"2207/1012/5468/968/1066/7099/84830/9619/335/4023/3949/948",12
"GO:0003081","regulation of systemic arterial blood pressure by renin-angiotensin","10/1652","27/16481",0.37037037037037,3.69496009326518,4.67763323727534,0.000169544032578057,0.00319520389215715,0.00319520389215715,"1215/1359/1910/1636/5137/186/1511/185/4311/63895",10
"GO:0019755","one-carbon compound transport","8/1652","18/16481",0.444444444444444,4.43395211191821,4.86523352254747,0.000174384419854031,0.0032401559354225,0.0032401559354225,"358/6563/3039/3043/3040/366/89872/3045",8
"GO:0043116","negative regulation of vascular permeability","8/1652","18/16481",0.444444444444444,4.43395211191821,4.86523352254747,0.000174384419854031,0.0032401559354225,0.0032401559354225,"5138/10979/7122/6456/10266/284/9353/9590",8
"GO:0035051","cardiocyte differentiation","25/1652","116/16481",0.21551724137931,2.15008453702931,4.14885681489262,0.000174514682338734,0.0032401559354225,0.0032401559354225,"144165/3084/6926/23493/650/91807/4211/89780/2852/6909/64321/54345/859/1906/4629/88/10529/1948/7042/7049/2627/93649/6910/407007/11214",25
"GO:0055002","striated muscle cell development","25/1652","116/16481",0.21551724137931,2.15008453702931,4.14885681489262,0.000174514682338734,0.0032401559354225,0.0032401559354225,"27063/144165/25802/6926/7111/23493/91807/4211/56203/5239/79933/9172/858/10324/859/1906/10398/4629/88/10529/29767/7140/58529/6910/11214",25
"GO:0006940","regulation of smooth muscle contraction","14/1652","48/16481",0.291666666666667,2.90978107344633,4.42255730205313,0.000177377574331108,0.00325712007370639,0.00325712007370639,"857/255743/148/60675/2852/9732/1906/56923/5592/1908/93649/1129/1264/154",14
"GO:0036230","granulocyte activation","14/1652","48/16481",0.291666666666667,2.90978107344633,4.42255730205313,0.000177377574331108,0.00325712007370639,0.00325712007370639,"2204/3579/820/7305/160364/2207/1776/6688/6844/306/3577/1511/5320/57580",14
"GO:1905314","semi-lunar valve development","14/1652","48/16481",0.291666666666667,2.90978107344633,4.42255730205313,0.000177377574331108,0.00325712007370639,0.00325712007370639,"26508/6092/4772/140628/23493/4091/2702/650/9353/7048/7042/6586/659/7075",14
"GO:0001867","complement activation, lectin pathway","7/1652","14/16481",0.5,4.98819612590799,4.98265680564298,0.000182444107378613,0.00333792813974082,0.00333792813974082,"8547/5648/710/2/2219/3848/10584",7
"GO:0030100","regulation of endocytosis","49/1652","290/16481",0.168965517241379,1.68566627703098,3.93190164260799,0.000183255581650305,0.00334058265750174,0.00334058265750174,"857/3084/51090/2268/6556/2624/8862/1601/695/2719/5770/160622/5322/10326/89780/11037/5199/1012/146722/8547/3071/2621/187/284/246/5648/4638/6457/6401/284654/6622/859/6347/3055/140885/120892/23237/1948/341/408/146395/440073/2219/335/255738/6441/10584/558/2358",49
"GO:0001938","positive regulation of endothelial cell proliferation","20/1652","84/16481",0.238095238095238,2.37533148852761,4.21786352735476,0.00018649111039961,0.00337501782105864,0.00337501782105864,"2247/6387/1960/2624/2658/8862/406913/7010/8742/2324/94/1012/5155/187/3164/9037/26051/57608/185/6369",20
"GO:0060972","left/right pattern formation","20/1652","84/16481",0.238095238095238,2.37533148852761,4.21786352735476,0.00018649111039961,0.00337501782105864,0.00337501782105864,"219670/164781/55130/6909/146845/115948/187/64321/54345/65009/7048/3549/83538/2022/64446/123872/25790/220136/27019/84100",20
"GO:0002366","leukocyte activation involved in immune response","45/1652","260/16481",0.173076923076923,1.72668327435277,3.94203720486011,0.000189323240103296,0.00340861498964908,0.00340861498964908,"4242/2268/6095/6556/2623/2624/246778/3394/695/8013/7305/90865/2207/51744/117157/6693/9846/1776/2214/3726/6688/1524/3071/4818/6844/4092/8809/306/139818/5730/3569/401258/2776/8741/7037/3122/9021/64332/6571/3936/3553/3683/50487/80031/969",45
"GO:0051962","positive regulation of nervous system development","38/1652","208/16481",0.182692307692308,1.82261012292792,3.98491991153516,0.000189979262053542,0.00340861498964908,0.00340861498964908,"80059/6387/1959/22891/6092/8322/84631/7431/146433/4099/6376/2895/650/64084/4135/627/57463/2852/1524/7476/7472/9444/3569/9037/94030/22865/4915/5789/5583/146760/9353/85358/6792/659/4311/3553/51393/745",38
"GO:0001501","skeletal system development","54/1652","329/16481",0.164133738601824,1.63746255804882,3.89822740012229,0.000190387432096896,0.00340861498964908,0.00340861498964908,"4653/2247/2690/6660/5251/5950/9496/2494/2658/9507/6926/3373/7305/650/249/8692/1305/7481/56603/94/2202/4921/2263/7476/3953/4969/5593/4092/2662/5734/960/3201/7483/202151/4883/344901/7092/91461/2697/7704/7048/5592/3549/162466/5745/359845/7042/64399/659/7482/4148/5549/10516/11214",54
"GO:0071621","granulocyte chemotaxis","24/1652","110/16481",0.218181818181818,2.17666740039621,4.13275968571353,0.000191446618105506,0.00341538041481459,0.00341538041481459,"683/83700/23604/146433/3579/6376/6283/2921/6360/5473/3071/5196/5919/5319/3577/6347/1906/9353/1908/7042/120425/100130520/6369/728",24
"GO:0050918","positive chemotaxis","16/1652","60/16481",0.266666666666667,2.66037126715093,4.30039874554113,0.000200463077580285,0.00356355109187933,0.00356355109187933,"2247/6387/2277/6376/6360/1012/5155/284/4916/1901/9037/6275/6347/2255/10584/2358",16
"GO:0070527","platelet aggregation","17/1652","66/16481",0.257575757575758,2.56967679213442,4.26470950441272,0.000202804952514471,0.00359244249807435,0.00359244249807435,"84959/2623/51032/10630/64805/375033/6532/5588/22915/83706/3569/1511/10398/3043/81027/5592/84034",17
"GO:0141060","disruption of anatomical structure in another organism","21/1652","91/16481",0.230769230769231,2.30224436580369,4.15768324258294,0.000208087994957797,0.00367304619268815,0.00367304619268815,"5551/6362/732/6387/730/729/6283/388646/2921/5473/1610/5196/4818/2920/4069/1511/383/1669/5320/8993/1668",21
"GO:0030218","erythrocyte differentiation","23/1652","104/16481",0.221153846153846,2.20631751722853,4.11897183278047,0.000208997134902967,0.00367614960445114,0.00367614960445114,"2038/25893/3202/7538/2623/440712/51327/6886/212/80739/6688/3071/407006/2113/3039/3043/3042/7049/2034/51621/3040/407007/3045",23
"GO:0097530","granulocyte migration","27/1652","131/16481",0.206106870229008,2.05620298319871,4.05090307188013,0.000214358188143432,0.00375726432574484,0.00375726432574485,"683/83700/23604/146433/3579/6376/6283/2921/5175/2013/6360/5473/3071/5196/5919/5734/5319/3577/6347/1906/9353/1908/7042/120425/100130520/6369/728",27
"GO:0051494","negative regulation of cytoskeleton organization","29/1652","145/16481",0.2,1.9952784503632,4.01775483328701,0.000220160802888227,0.0038277746286167,0.0038277746286167,"4653/25802/25959/9535/163782/1003/25876/126820/256949/91663/7111/6711/58526/246176/56203/8850/395/10395/84952/1901/5295/51763/6622/859/9353/130271/85358/29767/90102",29
"GO:0050830","defense response to Gram-positive bacterium","20/1652","85/16481",0.235294117647059,2.347386412192,4.15681181676928,0.000221237664699671,0.0038277746286167,0.0038277746286167,"2268/55576/7432/820/388646/1755/3575/5919/5319/115361/8809/4069/3569/3133/1511/3553/1669/5320/8993/1668",20
"GO:0003181","atrioventricular valve morphogenesis","9/1652","23/16481",0.391304347826087,3.90380566375408,4.65126013748543,0.00022133513241166,0.0038277746286167,0.0038277746286167,"26508/23493/4091/650/7048/8642/7042/6586/659",9
"GO:0070252","actin-mediated cell contraction","24/1652","111/16481",0.216216216216216,2.15705778417643,4.08244075302041,0.000221435196947705,0.0038277746286167,0.0038277746286167,"857/9839/3762/4620/55800/10630/3741/2702/6330/2013/3764/477/6327/7134/9444/6332/859/2697/6323/22998/3753/845/154/4842",24
"GO:0043114","regulation of vascular permeability","14/1652","49/16481",0.285714285714286,2.85039778623314,4.32957851365038,0.000225666678159561,0.00387420225210233,0.00387420225210233,"5138/9839/10979/1003/7122/7010/6456/10266/284/4881/9353/9590/5592/2828",14
"GO:0061035","regulation of cartilage development","14/1652","49/16481",0.285714285714286,2.85039778623314,4.32957851365038,0.000225666678159561,0.00387420225210233,0.00387420225210233,"6660/2494/2658/650/7481/94/2202/5593/4092/7483/91461/7704/359845/659",14
"GO:0034765","regulation of monoatomic ion transmembrane transport","43/1652","247/16481",0.174089068825911,1.73678083736068,3.89405176400091,0.000228103287859886,0.00390266819809423,0.00390266819809423,"84959/84502/857/22953/59285/8787/6376/1318/3596/30820/786/9002/57463/2852/2273/477/53826/187/7402/5319/2890/117/7222/57158/2040/6622/859/5023/1906/246329/1804/3753/5581/255738/845/6769/8514/7881/9465/5348/482/283518/4842",43
"GO:0006939","smooth muscle contraction","19/1652","79/16481",0.240506329113924,2.39938547828486,4.16131121862853,0.000232712448490306,0.00395453391282001,0.00395453391282001,"322/857/255743/1910/148/60675/2852/9732/4638/1906/4629/56923/10316/5592/1908/93649/1129/1264/154",19
"GO:0060395","SMAD protein signal transduction","19/1652","79/16481",0.240506329113924,2.39938547828486,4.16131121862853,0.000232712448490306,0.00395453391282001,0.00395453391282001,"25937/2658/1601/84913/4091/650/79674/94/5468/4092/168667/7048/3725/7042/7049/2353/2022/659/4093",19
"GO:0030212","hyaluronan metabolic process","11/1652","33/16481",0.333333333333333,3.32546408393866,4.46311163824957,0.000238298400529484,0.00403577662788616,0.00403577662788616,"2247/3036/55576/3373/3699/8692/10894/5155/960/80760/3553",11
"GO:0030593","neutrophil chemotaxis","18/1652","73/16481",0.246575342465753,2.45993233606421,4.172477724808,0.00024158495826097,0.00407766126519274,0.00407766126519274,"683/83700/23604/3579/6283/2921/5473/3071/5196/5319/3577/1906/9353/1908/7042/120425/100130520/728",18
"GO:0009799","specification of symmetry","21/1652","92/16481",0.228260869565217,2.27721997052321,4.10025700416712,0.00024456640158993,0.00408670457056773,0.00408670457056773,"219670/164781/55130/6909/146845/115948/187/64321/54345/65009/7048/3549/25928/83538/2022/64446/123872/25790/220136/27019/84100",21
"GO:0009855","determination of bilateral symmetry","21/1652","92/16481",0.228260869565217,2.27721997052321,4.10025700416712,0.00024456640158993,0.00408670457056773,0.00408670457056773,"219670/164781/55130/6909/146845/115948/187/64321/54345/65009/7048/3549/25928/83538/2022/64446/123872/25790/220136/27019/84100",21
"GO:0090288","negative regulation of cellular response to growth factor stimulus","21/1652","92/16481",0.228260869565217,2.27721997052321,4.10025700416712,0.00024456640158993,0.00408670457056773,0.00408670457056773,"857/2247/1634/79812/57556/8862/51232/4091/5770/50964/375567/153090/5468/22915/284/4092/186/91851/9353/25928/81848",21
"GO:0003170","heart valve development","17/1652","67/16481",0.253731343283582,2.53132340717719,4.19203403879856,0.000246718372359592,0.00409536159151865,0.00409536159151865,"5138/26508/6092/4772/140628/23493/4091/2702/650/187/9353/7048/8642/7042/6586/659/7075",17
"GO:0044458","motile cilium assembly","17/1652","67/16481",0.253731343283582,2.53132340717719,4.19203403879856,0.000246718372359592,0.00409536159151865,0.00409536159151865,"255101/57821/286464/154313/90506/352909/51364/221421/120892/159686/80217/201625/57639/123872/26074/84229/220136",17
"GO:1903670","regulation of sprouting angiogenesis","13/1652","44/16481",0.295454545454545,2.94757043803654,4.31753559858339,0.00026035810539186,0.00430529522865769,0.00430529522865769,"9314/2247/240/57556/57381/90139/406913/10365/168667/26051/407006/57608/9022",13
"GO:0044344","cellular response to fibroblast growth factor stimulus","20/1652","86/16481",0.232558139534884,2.32009122135255,4.0966149984313,0.000261532822474035,0.00430529522865769,0.00430529522865769,"2247/7538/1960/2264/8862/3373/5770/8692/131405/9365/6909/2263/23767/960/3164/79625/6622/6347/81848/2255",20
"GO:0071559","response to transforming growth factor beta","42/1652","241/16481",0.174273858921162,1.73862437583515,3.85537686897236,0.000261941959852503,0.00430529522865769,0.00430529522865769,"27063/5138/6660/124857/375387/1028/9372/27122/9839/10979/1003/7122/1601/4091/650/8425/8692/79674/94/2615/6688/4921/5468/2263/7476/26524/4092/2662/7472/83891/28984/1906/7048/3725/7042/7049/2353/93649/2022/64332/1030/4093",42
"GO:0071695","anatomical structure maturation","32/1652","168/16481",0.19047619047619,1.90026519082209,3.91458631591455,0.000273276201608376,0.00447301929418915,0.00447301929418915,"2038/25893/4653/122042/440712/8578/577/123041/1910/6376/650/23294/26468/8434/94/1811/1524/5468/1080/1901/83853/1906/65009/7704/120892/163175/162466/359845/7042/257062/712/558",32
"GO:1904062","regulation of monoatomic cation transmembrane transport","41/1652","234/16481",0.175213675213675,1.74800035181391,3.84636800274547,0.00027431101081769,0.00447301929418915,0.00447301929418915,"84959/84502/857/22953/59285/8787/6376/1318/3596/30820/786/9002/57463/2852/2273/477/53826/187/7402/5319/117/7222/57158/6622/859/5023/1906/246329/1804/3753/5581/255738/845/6769/8514/7881/9465/5348/482/283518/4842",41
"GO:0038166","angiotensin-activated signaling pathway","8/1652","19/16481",0.421052631578947,4.20058621129094,4.65900014826614,0.0002748234475584,0.00447301929418915,0.00447301929418915,"857/1636/186/88/815/760/185/5320",8
"GO:0051591","response to cAMP","19/1652","80/16481",0.2375,2.3693931598063,4.09794076050225,0.000276944291952418,0.00449041368554967,0.00449041368554967,"5138/2623/53905/1036/1843/358/1393/4327/1811/6547/2203/1080/2354/51763/5187/3753/2353/366/9465",19
"GO:0055001","muscle cell development","27/1652","133/16481",0.203007518796992,2.0252826375867,3.9624591821691,0.000277683670959585,0.00449041368554967,0.00449041368554967,"27063/144165/25802/6926/7111/23493/91807/4211/56203/5239/10266/79933/9172/858/10324/859/1906/10398/4629/88/10529/29767/7140/2022/58529/6910/11214",27
"GO:0006968","cellular defense response","14/1652","50/16481",0.28,2.79338983050847,4.23892175053152,0.000284841629980989,0.00458920189755408,0.00458920189755408,"5551/922/653361/3579/51473/7305/10871/90865/6693/1524/4688/9437/4332/728",14
"GO:0050764","regulation of phagocytosis","21/1652","93/16481",0.225806451612903,2.25273373428103,4.04356996220143,0.000286539037289932,0.00458920189755408,0.00458920189755408,"2268/6556/2624/695/5322/10326/5199/146722/8547/3071/2621/246/5648/6347/3055/140885/2219/335/6441/10584/2358",21
"GO:0071774","response to fibroblast growth factor","21/1652","93/16481",0.225806451612903,2.25273373428103,4.04356996220143,0.000286539037289932,0.00458920189755408,0.00458920189755408,"2247/7538/1960/2264/8862/3373/5770/8692/131405/9365/6909/2263/23767/960/3164/79625/6622/6347/7356/81848/2255",21
"GO:0043299","leukocyte degranulation","18/1652","74/16481",0.243243243243243,2.42669000719848,4.10542934983934,0.000289757652542059,0.00462597169488326,0.00462597169488326,"2268/2623/2624/695/8013/9846/2214/6688/3071/4818/6844/306/5730/401258/2776/3055/6571/50487",18
"GO:1904707","positive regulation of vascular associated smooth muscle cell proliferation","12/1652","39/16481",0.307692307692308,3.06965915440492,4.31898308262454,0.000293609698503374,0.00464697517219932,0.00464697517219932,"2247/8013/5155/4921/2263/9510/28984/407006/2697/1906/3725/407007",12
"GO:1990776","response to angiotensin","12/1652","39/16481",0.307692307692308,3.06965915440492,4.31898308262454,0.000293609698503374,0.00464697517219932,0.00464697517219932,"857/5770/1636/9365/4921/186/88/815/760/1536/185/5320",12
"GO:0002263","cell activation involved in immune response","45/1652","265/16481",0.169811320754717,1.694104344648,3.80192481766549,0.000293854204984477,0.00464697517219932,0.00464697517219932,"4242/2268/6095/6556/2623/2624/246778/3394/695/8013/7305/90865/2207/51744/117157/6693/9846/1776/2214/3726/6688/1524/3071/4818/6844/4092/8809/306/139818/5730/3569/401258/2776/8741/7037/3122/9021/64332/6571/3936/3553/3683/50487/80031/969",45
"GO:0060732","positive regulation of inositol phosphate biosynthetic process","6/1652","11/16481",0.545454545454545,5.44166850099054,4.91839470092144,0.000297597607244563,0.00464966690652907,0.00464966690652907,"5028/51744/2852/117/6622/5745",6
"GO:0003179","heart valve morphogenesis","15/1652","56/16481",0.267857142857143,2.67224792459357,4.18378812192556,0.000298121500503105,0.00464966690652907,0.00464966690652907,"26508/6092/4772/140628/23493/4091/2702/650/9353/7048/8642/7042/6586/659/7075",15
"GO:0003208","cardiac ventricle morphogenesis","15/1652","56/16481",0.267857142857143,2.67224792459357,4.18378812192556,0.000298121500503105,0.00464966690652907,0.00464966690652907,"3084/26508/4889/23493/4887/2263/4634/4092/2294/7134/7048/7042/7049/2022/6910",15
"GO:0055017","cardiac muscle tissue growth","15/1652","56/16481",0.267857142857143,2.67224792459357,4.18378812192556,0.000298121500503105,0.00464966690652907,0.00464966690652907,"3084/2247/5950/2066/4211/6909/2263/1901/859/1906/65009/7042/7049/6910/407007",15
"GO:0061045","negative regulation of wound healing","17/1652","68/16481",0.25,2.494098062954,4.12066460158852,0.000298662027508949,0.00464966690652907,0.00464966690652907,"2247/7056/240/2160/5627/5155/5196/22915/710/1906/84830/5592/1361/90102/55966/58529/3848",17
"GO:0002573","myeloid leukocyte differentiation","36/1652","198/16481",0.181818181818182,1.81388950033018,3.84555052851146,0.000304454853645622,0.0047251770319675,0.0047251770319675,"84959/5153/5138/863/375387/2623/53832/2624/4739/11025/146433/6886/7305/90865/130733/650/126014/9846/6688/5468/5196/133522/714/1440/9444/7099/81501/7048/7037/9607/2124/9173/3553/50487/3552/50604",36
"GO:0007416","synapse assembly","44/1652","258/16481",0.170542635658915,1.70140022899187,3.78998826105452,0.00030983150890575,0.00479378195723618,0.00479378195723618,"144165/55118/80059/4045/10718/6092/653464/84631/4593/2895/23266/5770/64084/2066/22899/56131/140689/89780/627/57463/50863/9732/9806/7476/257194/23767/285025/2890/4916/94030/6622/22865/5789/27253/146760/2557/266727/1948/85358/6383/8825/2823/23284/64101",44
"GO:0015669","gas transport","7/1652","15/16481",0.466666666666667,4.65564971751412,4.72763393929974,0.000312516981552562,0.0048204542416092,0.0048204542416092,"114757/358/3039/3043/3042/3040/3045",7
"GO:0097305","response to alcohol","42/1652","243/16481",0.172839506172839,1.72431471019042,3.79657397405206,0.000313985735675546,0.00482763384743708,0.00482763384743708,"2247/2690/7350/5950/761/51208/7122/3596/4889/23209/847/6340/1036/1393/6688/1392/2263/1440/5734/2203/1080/1066/2890/117/4916/114/2354/2776/3727/687/11251/7832/9353/7048/72/1536/5737/7049/2353/6586/9607/6915",42
"GO:0007159","leukocyte cell-cell adhesion","60/1652","383/16481",0.156657963446475,1.56288129271269,3.7201284293836,0.00031490849154437,0.00482763384743708,0.00482763384743708,"857/9314/6387/3111/81704/177/3127/7805/3113/240/2494/10332/3687/8013/1326/3575/6693/5322/56253/8477/5175/10326/5588/1524/3071/3384/83706/4092/960/6401/3569/64115/3133/407006/2113/4973/1511/6347/11326/140885/64116/84830/7704/7048/6404/383/1948/3549/7037/58494/3122/64332/3553/3683/5320/407007/3552/6403/6441/969",60
"GO:0003177","pulmonary valve development","9/1652","24/16481",0.375,3.74114709443099,4.48528785225042,0.000322809695789416,0.00493042473685051,0.00493042473685051,"26508/6092/4772/23493/4091/2702/9353/7042/659",9
"GO:0045216","cell-cell junction organization","34/1652","184/16481",0.184782608695652,1.84346378566165,3.84015904943298,0.000324114433104302,0.00493042473685051,0.00493042473685051,"28513/857/83700/10979/5010/51208/2658/1003/7122/2701/2702/91807/5175/1636/94/55679/151306/1012/149461/10266/187/4092/2697/90952/5583/222256/1948/7042/1008/6910/3553/23136/84612/5800",34
"GO:0034101","erythrocyte homeostasis","23/1652","107/16481",0.214953271028037,2.14445814758661,3.96407719975769,0.000324564165801051,0.00493042473685051,0.00493042473685051,"2038/25893/3202/7538/2623/440712/51327/6886/212/80739/6688/3071/407006/2113/3039/3043/3042/7049/2034/51621/3040/407007/3045",23
"GO:0050919","negative chemotaxis","13/1652","45/16481",0.288888888888889,2.88206887274684,4.21960108378185,0.00033289484280733,0.00502651158732875,0.00502651158732875,"3084/10718/6092/57556/223117/23767/56920/9037/7869/9353/6586/335/80031",13
"GO:0090049","regulation of cell migration involved in sprouting angiogenesis","13/1652","45/16481",0.288888888888889,2.88206887274684,4.21960108378185,0.00033289484280733,0.00502651158732875,0.00502651158732875,"9314/2247/2624/79812/57381/406913/22915/4223/407006/90627/57608/7049/6915",13
"GO:0071404","cellular response to low-density lipoprotein particle stimulus","10/1652","29/16481",0.344827586206897,3.44013525924689,4.38966361992756,0.000333908441997266,0.00502667573493181,0.00502667573493181,"2207/1012/5468/968/1066/7099/84830/4023/3949/948",10
"GO:0001764","neuron migration","24/1652","114/16481",0.210526315789474,2.10029310564547,3.93463063238444,0.000337753263065464,0.00506933265792567,0.00506933265792567,"26153/6387/7846/2624/653464/57556/6376/51473/1630/26468/221692/153090/79625/4916/120114/4915/815/266727/6792/285313/5414/2823/23284/22854",24
"GO:0048872","homeostasis of number of cells","37/1652","207/16481",0.178743961352657,1.78321987109754,3.78485640167523,0.000357676611618406,0.00535233687774051,0.00535233687774051,"2038/25893/3202/7538/7846/2623/440712/2204/51327/6886/212/695/3575/80739/6688/1524/3071/7128/139818/3569/407006/2113/3039/3043/3042/7049/8741/2034/51621/3040/64332/5414/10162/5320/407007/338442/3045",37
"GO:0010718","positive regulation of epithelial to mesenchymal transition","15/1652","57/16481",0.263157894736842,2.62536638205684,4.10276767478423,0.000367583752490125,0.00543794207191305,0.00543794207191305,"25937/10979/10630/1601/650/2013/28984/3569/407006/152007/7048/7042/2022/3553/407007",15
"GO:0061515","myeloid cell development","15/1652","57/16481",0.263157894736842,2.62536638205684,4.10276767478423,0.000367583752490125,0.00543794207191305,0.00543794207191305,"2038/25893/2815/375387/2623/440712/7305/80739/3071/3039/3043/3042/3040/2124/3045",15
"GO:0086002","cardiac muscle cell action potential involved in contraction","15/1652","57/16481",0.263157894736842,2.62536638205684,4.10276767478423,0.000367583752490125,0.00543794207191305,0.00543794207191305,"857/3762/55800/3741/2702/6330/3764/6327/6332/859/2697/6323/3753/845/4842",15
"GO:0060419","heart growth","16/1652","63/16481",0.253968253968254,2.53368692109612,4.07075116350873,0.000367736357945048,0.00543794207191305,0.00543794207191305,"3084/2247/5950/32/2066/4211/6909/2263/1901/859/1906/65009/7042/7049/6910/407007",16
"GO:0042311","vasodilation","12/1652","40/16481",0.3,2.99291767554479,4.21194733828525,0.000381572868538969,0.00562595526466428,0.00562595526466428,"1910/2702/5175/10365/2852/8850/186/153/5592/2549/154/4842",12
"GO:0001667","ameboidal-type cell migration","35/1652","193/16481",0.181347150259067,1.80919030473347,3.77418459295658,0.000385411109536402,0.00565121161535064,0.00565121161535064,"114757/2247/3036/154810/55698/9839/25959/57556/23328/2719/8692/223117/2066/5168/153090/4921/9124/56920/7145/9037/407006/7869/2697/1906/152007/9590/7042/4163/659/5581/9647/1839/80031/407007/2255",35
"GO:0002768","immune response-regulating cell surface receptor signaling pathway","57/1652","362/16481",0.157458563535912,1.57086839324174,3.66563255323741,0.000385540469269882,0.00565121161535064,0.00565121161535064,"3903/11024/2268/7805/6966/2204/150372/11025/387837/3802/695/3804/8013/7305/79168/84106/2207/199920/2357/148823/79908/2215/5588/2214/93978/153090/388325/8547/3071/4792/6967/7128/9404/5648/3809/28984/7099/5295/9473/3055/5583/10917/9437/153579/3811/2219/660/5581/64332/945/353514/3824/4332/10584/728/2358/948",57
"GO:0051897","positive regulation of phosphatidylinositol 3-kinase/protein kinase B signal transduction","33/1652","179/16481",0.184357541899441,1.83922315256943,3.76800283067661,0.000411066107143903,0.0060077970702985,0.0060077970702985,"4653/2247/2268/1634/10979/6376/406913/7010/64805/5627/5175/2852/5155/1524/4921/2621/284/1440/23533/4916/9037/4915/84830/7042/2022/2549/10268/57091/3553/1839/6403/558/2358",33
"GO:0003184","pulmonary valve morphogenesis","8/1652","20/16481",0.4,3.99055690072639,4.46649295196366,0.000417970314777569,0.00609094531389521,0.00609094531389521,"26508/6092/4772/23493/4091/2702/9353/7042",8
"GO:0060038","cardiac muscle cell proliferation","11/1652","35/16481",0.314285714285714,3.13543756485645,4.2210301087352,0.000425626475063451,0.00616666335113607,0.00616666335113607,"3084/2247/5950/2066/6909/2263/65009/7042/7049/6910/407007",11
"GO:0099560","synaptic membrane adhesion","11/1652","35/16481",0.314285714285714,3.13543756485645,4.2210301087352,0.000425626475063451,0.00616666335113607,0.00616666335113607,"84631/23767/94030/22865/5789/27253/266727/8404/1008/22854/64101",11
"GO:0046620","regulation of organ growth","15/1652","58/16481",0.258620689655172,2.58010144443517,4.02346671614251,0.000450484108531098,0.00647501228478834,0.00647501228478834,"80014/3084/2247/5950/32/2066/6532/6909/2263/26524/859/1906/7049/6910/407007",15
"GO:0008037","cell recognition","25/1652","123/16481",0.203252032520325,2.02772200240162,3.81848246647765,0.000450647247534277,0.00647501228478834,0.00647501228478834,"5551/55118/54538/6092/23705/4739/653509/10332/284359/5322/81035/56253/5175/51294/57463/5199/8547/50863/27255/5648/9037/2219/11055/91624/10584",25
"GO:0032611","interleukin-1 beta production","21/1652","96/16481",0.21875,2.18233580508475,3.8777600128337,0.000452584650377073,0.00647501228478834,0.00647501228478834,"177/6376/338557/820/7305/58484/51311/1524/7128/114769/4210/3569/7099/140885/1958/335/4023/3553/945/353514/948",21
"GO:0032651","regulation of interleukin-1 beta production","21/1652","96/16481",0.21875,2.18233580508475,3.8777600128337,0.000452584650377073,0.00647501228478834,0.00647501228478834,"177/6376/338557/820/7305/58484/51311/1524/7128/114769/4210/3569/7099/140885/1958/335/4023/3553/945/353514/948",21
"GO:0060562","epithelial tube morphogenesis","33/1652","180/16481",0.183333333333333,1.82900524616626,3.73262276370218,0.000455933756938725,0.00647501228478834,0.00647501228478834,"144165/2247/255743/6943/23242/79812/54922/2658/3687/2719/650/7481/79192/94/6909/2263/187/10395/186/64321/54345/65009/9353/7048/90627/3549/7042/2022/5420/4855/123872/7075/2255",33
"GO:0048821","erythrocyte development","10/1652","30/16481",0.333333333333333,3.32546408393866,4.25502195328876,0.000456238170632724,0.00647501228478834,0.00647501228478834,"2038/25893/2623/440712/3071/3039/3043/3042/3040/3045",10
"GO:0055094","response to lipoprotein particle","10/1652","30/16481",0.333333333333333,3.32546408393866,4.25502195328876,0.000456238170632724,0.00647501228478834,0.00647501228478834,"2207/1012/5468/968/1066/7099/84830/4023/3949/948",10
"GO:0090287","regulation of cellular response to growth factor stimulus","46/1652","278/16481",0.165467625899281,1.65076994094797,3.65241282610678,0.000458052799891032,0.00647501228478834,0.00647501228478834,"857/2247/79652/124857/1028/1634/27122/9839/23090/79812/57556/2658/8862/1003/51232/4091/147372/650/8425/5770/79674/50964/375567/94/153090/2615/5468/22915/284/26524/4092/186/91851/83891/10077/9353/57608/25928/7049/93649/2022/81848/3553/1030/3491/222223",46
"GO:0061036","positive regulation of cartilage development","9/1652","25/16481",0.36,3.59150121065375,4.32799722496961,0.000459825328821993,0.00647501228478834,0.00647501228478834,"6660/2658/650/94/5593/4092/91461/7704/659",9
"GO:1904752","regulation of vascular associated smooth muscle cell migration","9/1652","25/16481",0.36,3.59150121065375,4.32799722496961,0.000459825328821993,0.00647501228478834,0.00647501228478834,"8013/5770/5155/4921/9732/9510/407006/5592/93649",9
"GO:1904064","positive regulation of cation transmembrane transport","23/1652","110/16481",0.209090909090909,2.0859729253797,3.81421727522526,0.000492823551331801,0.00689779346476163,0.00689779346476163,"857/22953/6376/3596/9002/57463/2852/2273/53826/187/5319/117/7222/6622/5023/1906/246329/3753/6769/9465/5348/482/4842",23
"GO:0002275","myeloid cell activation involved in immune response","20/1652","90/16481",0.222222222222222,2.21697605595911,3.86392115365641,0.000493920500167797,0.00689779346476163,0.00689779346476163,"2268/2623/2624/695/8013/7305/90865/2207/9846/1776/6688/1524/6844/306/5730/401258/2776/6571/3553/50487",20
"GO:0010876","lipid localization","65/1652","430/16481",0.151162790697674,1.50805929387916,3.5630775373097,0.000493977229971958,0.00689779346476163,0.00689779346476163,"857/57088/60482/11309/5950/4018/23460/5243/653509/388121/1601/32/57153/123264/83547/5322/4481/10351/1636/21/84417/345275/9429/1392/5468/4792/2171/81575/5319/1066/6579/3569/9376/84879/80832/114880/80833/10349/1906/56729/2167/10350/56923/1408/341/6578/1071/28965/9619/55911/5948/7274/335/185/255738/11000/4023/10162/3553/3949/50487/5320/23673/83850/948",65
"GO:0042116","macrophage activation","21/1652","97/16481",0.216494845360825,2.15983749781583,3.82384901288693,0.000524036480727071,0.00729720799412446,0.00729720799412446,"177/6556/6376/3596/7305/90865/22918/2214/1524/3569/7099/6622/3727/11326/120892/9173/3553/3949/712/728/2358",21
"GO:0008154","actin polymerization or depolymerization","31/1652","167/16481",0.18562874251497,1.85190514854069,3.69314995671201,0.00053653319868915,0.00742994730670914,0.00742994730670914,"6387/81553/23242/25802/25959/163782/256949/91663/7111/6711/56203/395/3071/10810/1440/246/1073/9037/85462/90952/3055/9353/88/130271/29767/375307/5581/93663/6369/57580/11170",31
"GO:0019730","antimicrobial humoral response","31/1652","167/16481",0.18562874251497,1.85190514854069,3.69314995671201,0.00053653319868915,0.00742994730670914,0.00742994730670914,"6362/6387/6556/354/85480/7432/6376/6590/820/6283/2921/1755/128488/6360/5473/1610/5196/5919/5319/2920/4069/3133/1511/6347/2627/6358/6368/1669/8993/6369/1668",31
"GO:0010919","regulation of inositol phosphate biosynthetic process","6/1652","12/16481",0.5,4.98819612590799,4.6127637077576,0.000544726318914697,0.00748140558005309,0.00748140558005309,"5028/51744/2852/117/6622/5745",6
"GO:0060841","venous blood vessel development","6/1652","12/16481",0.5,4.98819612590799,4.6127637077576,0.000544726318914697,0.00748140558005309,0.00748140558005309,"147372/94/187/2294/2022/659",6
"GO:1903589","positive regulation of blood vessel endothelial cell proliferation involved in sprouting angiogenesis","6/1652","12/16481",0.5,4.98819612590799,4.6127637077576,0.000544726318914697,0.00748140558005309,0.00748140558005309,"2624/406913/187/26051/57608/185",6
"GO:0050832","defense response to fungus","14/1652","53/16481",0.264150943396226,2.63527342500799,3.97982210002326,0.000548250800551326,0.00750923842394481,0.00750923842394481,"85480/7432/820/6283/5322/93978/6688/1524/5919/26253/383/1669/1668/338339",14
"GO:0035904","aorta development","11/1652","36/16481",0.305555555555556,3.04834207694377,4.10643062738745,0.000557955624926491,0.00762133936718393,0.00762133936718393,"5138/1959/6092/23493/94/6909/187/4638/7048/7042/2022",11
"GO:1990266","neutrophil migration","20/1652","91/16481",0.21978021978022,2.1926136817178,3.80766471298423,0.0005744366988185,0.00780438478984514,0.00780438478984514,"683/83700/23604/3579/6283/2921/5175/2013/5473/3071/5196/5319/3577/1906/9353/1908/7042/120425/100130520/728",20
"GO:0051147","regulation of muscle cell differentiation","24/1652","118/16481",0.203389830508475,2.02909672918291,3.7444964993542,0.000574469975554131,0.00780438478984514,0.00780438478984514,"3084/1827/4772/23493/650/91807/89780/56203/627/56603/2852/5155/2263/79365/3913/407006/859/1906/1948/93649/2022/4855/221662/407007",24
"GO:0030048","actin filament-based movement","26/1652","132/16481",0.196969696969697,1.96504695869103,3.71550207066224,0.00058080194986915,0.00782677466315605,0.00782677466315605,"857/9839/3762/4620/55800/10630/3741/2702/6330/2013/3764/4648/477/6327/7134/4628/9444/6332/859/2697/6323/22998/3753/845/154/4842",26
"GO:0032635","interleukin-6 production","26/1652","132/16481",0.196969696969697,1.96504695869103,3.71550207066224,0.00058080194986915,0.00782677466315605,0.00782677466315605,"4829/177/7805/85480/53342/6376/695/7305/90865/8692/10365/51311/388325/3071/2621/7128/3569/7099/400709/140885/408/10865/4023/3553/3552/353514",26
"GO:0032675","regulation of interleukin-6 production","26/1652","132/16481",0.196969696969697,1.96504695869103,3.71550207066224,0.00058080194986915,0.00782677466315605,0.00782677466315605,"4829/177/7805/85480/53342/6376/695/7305/90865/8692/10365/51311/388325/3071/2621/7128/3569/7099/400709/140885/408/10865/4023/3553/3552/353514",26
"GO:0010720","positive regulation of cell development","55/1652","352/16481",0.15625,1.55881128934625,3.53720699107378,0.000584794331128804,0.0078594476727847,0.0078594476727847,"6387/1959/177/22891/6092/8322/7431/4739/146433/4099/6376/1003/7122/695/7305/650/3575/8477/56203/4135/627/57463/2852/6688/1524/3071/5196/133522/2621/4092/7472/9444/3569/64115/81501/9037/4915/5789/5583/7704/9353/7048/3549/85358/6792/3122/659/4311/64332/2124/3553/51393/50487/745/558",55
"GO:0051150","regulation of smooth muscle cell differentiation","10/1652","31/16481",0.32258064516129,3.2181910489729,4.12595547325592,0.000613552181188963,0.00822389594732693,0.00822389594732693,"1827/4772/23493/2852/5155/2263/407006/93649/2022/4855",10
"GO:0006833","water transport","9/1652","26/16481",0.346153846153846,3.45336654870553,4.17857173920514,0.000641201384409758,0.00845091277668273,0.00845091277668273,"361/8692/358/1080/51763/6563/554/366/89872",9
"GO:0033622","integrin activation","9/1652","26/16481",0.346153846153846,3.45336654870553,4.17857173920514,0.000641201384409758,0.00845091277668273,0.00845091277668273,"6387/83700/10979/6376/54922/64805/83706/5734/6403",9
"GO:0060317","cardiac epithelial to mesenchymal transition","9/1652","26/16481",0.346153846153846,3.45336654870553,4.17857173920514,0.000641201384409758,0.00845091277668273,0.00845091277668273,"26508/6926/23493/650/2013/7048/7042/7049/2022",9
"GO:0060421","positive regulation of heart growth","9/1652","26/16481",0.346153846153846,3.45336654870553,4.17857173920514,0.000641201384409758,0.00845091277668273,0.00845091277668273,"3084/2247/32/2066/6909/2263/1906/7049/407007",9
"GO:0099625","ventricular cardiac muscle cell membrane repolarization","9/1652","26/16481",0.346153846153846,3.45336654870553,4.17857173920514,0.000641201384409758,0.00845091277668273,0.00845091277668273,"3762/2702/6330/3764/6327/859/3753/845/4842",9
"GO:1904738","vascular associated smooth muscle cell migration","9/1652","26/16481",0.346153846153846,3.45336654870553,4.17857173920514,0.000641201384409758,0.00845091277668273,0.00845091277668273,"8013/5770/5155/4921/9732/9510/407006/5592/93649",9
"GO:0031348","negative regulation of defense response","43/1652","259/16481",0.166023166023166,1.65631222713547,3.55333269010796,0.000642849766148312,0.00845091277668273,0.00845091277668273,"9314/2268/25939/6095/4772/240/387837/6376/2494/338557/1003/3596/7010/8013/4889/90865/160364/2852/5468/7128/55075/5734/8809/4210/3133/407006/710/5740/11326/3055/140885/64116/383/2/335/10162/3553/3949/407007/3552/3824/969/2358",43
"GO:0009636","response to toxic substance","40/1652","236/16481",0.169491525423729,1.69091394098576,3.56818852327597,0.000643975400098305,0.00845091277668273,0.00845091277668273,"114757/6556/54996/6573/5243/11185/847/216/1543/6532/1012/2878/4499/9429/217/4501/6327/241/1066/2890/9376/1906/64116/6565/3039/3043/10249/4056/2353/9619/27244/7274/5581/3040/4489/366/89872/6649/10516/948",40
"GO:0071375","cellular response to peptide hormone stimulus","49/1652","306/16481",0.160130718954248,1.59752686385289,3.52146759569011,0.000654086772056557,0.00856119318099091,0.00856119318099091,"857/9314/2690/55022/761/8013/9340/3638/5770/6340/5588/10365/1636/1393/2852/8850/4921/5468/6844/5919/186/5319/2203/3164/2890/114/858/5295/51763/64506/1906/115/23371/88/815/760/2353/2549/185/255738/196883/3553/5320/5166/27019/286753/10580/28999/8835",49
"GO:0014855","striated muscle cell proliferation","13/1652","48/16481",0.270833333333333,2.70193956820016,3.94125031902947,0.000661535501855806,0.00862789550405151,0.00862789550405151,"3084/2247/5950/2066/6909/2263/284/65009/7042/7049/2353/6910/407007",13
"GO:0051899","membrane depolarization","20/1652","92/16481",0.217391304347826,2.16878092430782,3.75213532659288,0.000666067336937549,0.00862789550405151,0.00862789550405151,"857/4653/1634/55800/2702/6330/6532/7223/1135/2273/477/6327/4092/2776/859/6323/1906/120892/6910/1137",20
"GO:0070098","chemokine-mediated signaling pathway","20/1652","92/16481",0.217391304347826,2.16878092430782,3.75213532659288,0.000666067336937549,0.00862789550405151,0.00862789550405151,"51554/6362/6387/3579/2840/6376/9034/9413/6360/11318/1524/2532/3577/6347/1906/9353/6586/6358/6368/6369",20
"GO:1901890","positive regulation of cell junction assembly","20/1652","92/16481",0.217391304347826,2.16878092430782,3.75213532659288,0.000666067336937549,0.00862789550405151,0.00862789550405151,"80059/857/4653/10979/84631/2658/7122/7010/2895/64084/627/57463/94/7476/94030/22865/5789/146760/9647/6910",20
"GO:0070661","leukocyte proliferation","42/1652","252/16481",0.166666666666667,1.66273204196933,3.53850693699621,0.000681334477668496,0.00880291169214477,0.00880291169214477,"4829/81704/177/6556/3568/7805/246778/3113/146433/6376/2494/3596/695/7305/90865/6693/5322/56253/1636/2214/2013/1178/3071/7128/3569/64115/3133/4883/11326/7048/383/3549/8741/7037/64332/7940/3553/5320/3552/6441/4332/2255",42
"GO:0099177","regulation of trans-synaptic signaling","68/1652","460/16481",0.147826086956522,1.47477102852932,3.44703749769742,0.000691630060915888,0.0089129601423428,0.0089129601423428,"84502/2913/8564/177/2894/10718/6505/25927/6376/148/5028/2895/286097/7305/4889/785/1630/64084/6532/1636/140730/140689/89780/627/2852/1135/2900/1524/1392/5923/6547/477/51299/7476/6844/2171/4900/590/1128/91851/2890/114/6347/4915/5023/5789/9912/56729/120892/23237/5334/9590/815/2557/85358/6792/1129/4311/154/3553/7143/22854/64101/1137/57406/9465/116444/11170",68
"GO:0022407","regulation of cell-cell adhesion","67/1652","452/16481",0.148230088495575,1.47880150635325,3.44507914537502,0.000700653645239862,0.0090060941630447,0.00900609416304469,"857/9314/6387/3111/81704/177/3127/51032/7805/3113/240/6376/2494/10630/8013/91663/650/1326/3575/6693/5322/56253/8477/10326/5588/8613/9223/6688/3071/22915/83706/4092/960/6401/28984/3569/64115/3133/407006/2113/1511/6347/11326/140885/84830/7704/7048/383/266727/1948/5592/3549/7037/3122/5420/4855/335/84034/64332/9647/3553/5320/407007/3552/6403/6441/969",67
"GO:0010975","regulation of neuron projection development","57/1652","371/16481",0.153638814016173,1.53276107372914,3.46417132695669,0.00071587715789085,0.009178240901552,0.009178240901552,"322/27063/163404/26153/6387/285016/22891/8578/6092/577/23242/8322/7431/4099/6376/1601/5770/1630/9638/89780/4135/627/57463/153090/8850/4921/4858/79625/4916/57520/56920/9037/407006/84879/4915/5789/9912/146760/65009/120892/23237/9353/5376/1948/85358/6792/6383/659/51393/50487/22854/80031/407007/57580/482/5800/115207",57
"GO:0050891","multicellular organismal-level water homeostasis","11/1652","37/16481",0.297297297297297,2.96595445324259,3.99574967261383,0.000722897099877043,0.00924459990225412,0.00924459990225412,"361/6340/8692/358/1080/114/51763/115/554/196883/7466",11
"GO:0050921","positive regulation of chemotaxis","26/1652","134/16481",0.194029850746269,1.93571789960609,3.62999475689198,0.000736139875057908,0.00938683878942892,0.00938683878942893,"2247/6387/23604/2277/4739/146433/64805/1012/6688/5155/1524/3071/2621/5919/4916/3569/1901/9037/6347/1906/9353/1908/659/9647/728/2358",26
"GO:0015850","organic hydroxy compound transport","42/1652","253/16481",0.16600790513834,1.65615997856234,3.51046939735069,0.00073963720762506,0.00938683878942892,0.00938683878942893,"857/80704/60482/6387/5950/7432/5028/1601/2207/57153/123264/83547/4481/10351/6532/21/358/55640/84417/1392/5468/4792/1066/6579/114880/6622/341/1071/9619/9607/335/185/255738/6571/366/2824/3949/89872/1137/23673/4842/948",42
"GO:0150063","visual system development","42/1652","253/16481",0.16600790513834,1.65615997856234,3.51046939735069,0.00073963720762506,0.00938683878942892,0.00938683878942893,"2295/144165/10218/2247/6101/6247/85407/9839/5950/6505/8322/10763/6103/84467/64805/6445/7111/7306/6442/1543/4211/94/149461/6909/2202/27151/7476/7472/91851/146862/7483/84879/23287/5797/23554/7042/2353/659/7482/2823/343035/712",42
"GO:0051146","striated muscle cell differentiation","41/1652","246/16481",0.166666666666667,1.66273204196933,3.49548198457485,0.000783963085774407,0.00992425997218965,0.00992425997218965,"27063/144165/3084/170689/577/25802/963/6926/7111/23493/650/91807/4211/89780/56203/627/56603/5239/79365/79933/9172/858/10324/405754/859/1906/10398/30846/4629/88/10529/1948/29767/93649/7140/58529/221662/6910/407007/11214/4842",41
"GO:0006869","lipid transport","62/1652","413/16481",0.150121065375303,1.49766663344453,3.41869479607948,0.000787600294101878,0.00993359382503813,0.00993359382503813,"857/57088/60482/11309/5950/4018/23460/5243/653509/388121/1601/57153/123264/83547/5322/4481/10351/1636/21/84417/345275/9429/1392/5468/4792/2171/81575/5319/1066/6579/9376/84879/80832/114880/80833/10349/1906/56729/2167/10350/56923/1408/341/6578/1071/28965/9619/55911/5948/7274/335/185/255738/11000/10162/3553/3949/50487/5320/23673/83850/948",62
"GO:0062009","secondary palate development","7/1652","17/16481",0.411764705882353,4.10792622133599,4.27912699086249,0.000788663543260558,0.00993359382503813,0.00993359382503813,"7481/89780/2615/7476/7048/7042/7049",7
"GO:1901654","response to ketone","34/1652","193/16481",0.176165803108808,1.75749915316965,3.53308933182565,0.000792839503196309,0.00996116398376717,0.00996116398376716,"857/2247/2690/7350/653361/6340/1843/1543/358/6909/1392/2621/5734/2203/1080/4916/114/2354/2776/3727/687/11251/1906/7832/120892/9353/1536/7042/5737/7049/2353/6586/9607/6915",34
"GO:0007200","phospholipase C-activating G protein-coupled receptor signaling pathway","28/1652","149/16481",0.187919463087248,1.87475827550904,3.58005089641112,0.000797811940087225,0.00999857813914314,0.00999857813914314,"4829/2894/1910/3579/338557/148/5028/64805/2357/51196/9002/1524/1128/139189/6401/1901/2776/146/88/56923/10316/5745/2828/1129/185/115727/728/2358",28
"GO:1904994","regulation of leukocyte adhesion to vascular endothelial cell","10/1652","32/16481",0.3125,3.11762257869249,4.00204060152887,0.000813095375214447,0.010164706024813,0.010164706024813,"9314/6387/240/6401/3569/407006/2113/1948/407007/6403",10
"GO:0032612","interleukin-1 production","23/1652","114/16481",0.201754385964912,2.01278089291024,3.62168835257821,0.000832502265731216,0.0103300343022539,0.0103300343022539,"177/6376/338557/820/7305/58484/51311/1524/2621/7128/114769/4210/3569/7099/140885/1958/335/4023/3553/945/3552/353514/948",23
"GO:0032652","regulation of interleukin-1 production","23/1652","114/16481",0.201754385964912,2.01278089291024,3.62168835257821,0.000832502265731216,0.0103300343022539,0.0103300343022539,"177/6376/338557/820/7305/58484/51311/1524/2621/7128/114769/4210/3569/7099/140885/1958/335/4023/3553/945/3552/353514/948",23
"GO:0034767","positive regulation of monoatomic ion transmembrane transport","23/1652","114/16481",0.201754385964912,2.01278089291024,3.62168835257821,0.000832502265731216,0.0103300343022539,0.0103300343022539,"857/22953/6376/3596/9002/57463/2852/2273/53826/187/5319/117/7222/6622/5023/1906/246329/3753/6769/9465/5348/482/4842",23
"GO:0018108","peptidyl-tyrosine phosphorylation","24/1652","121/16481",0.198347107438017,1.97878854581474,3.60676300562262,0.000836718574604796,0.0103567165789971,0.0103567165789971,"3084/2268/2264/4739/9052/3596/695/3575/2066/2324/5155/2202/4921/2263/284/3569/91461/3055/285489/51378/57091/353514/50604/2255",24
"GO:0150076","neuroinflammatory response","17/1652","74/16481",0.22972972972973,2.29187389568746,3.71748381280189,0.000854836098096815,0.010528976313905,0.010528976313905,"177/9839/6376/3596/7305/90865/1524/26471/3569/114/6622/120892/3553/3949/712/728/2358",17
"GO:1902893","regulation of miRNA transcription","17/1652","74/16481",0.22972972972973,2.29187389568746,3.71748381280189,0.000854836098096815,0.010528976313905,0.010528976313905,"9314/2247/2624/8862/84913/4091/650/6688/5155/5468/3569/2113/3725/1958/7042/2353/93649",17
"GO:0045777","positive regulation of blood pressure","9/1652","27/16481",0.333333333333333,3.32546408393866,4.03630024737854,0.000877030060325609,0.0106972060642635,0.0106972060642635,"148/5770/1636/5919/153/554/2022/9607/6915",9
"GO:0051155","positive regulation of striated muscle cell differentiation","9/1652","27/16481",0.333333333333333,3.32546408393866,4.03630024737854,0.000877030060325609,0.0106972060642635,0.0106972060642635,"3084/91807/89780/56203/56603/1906/1948/93649/221662",9
"GO:0071467","cellular response to pH","9/1652","27/16481",0.333333333333333,3.32546408393866,4.03630024737854,0.000877030060325609,0.0106972060642635,0.0106972060642635,"3777/3373/6340/57192/8477/84329/2776/9033/2828",9
"GO:0072012","glomerulus vasculature development","9/1652","27/16481",0.333333333333333,3.32546408393866,4.03630024737854,0.000877030060325609,0.0106972060642635,0.0106972060642635,"947/6943/7010/5175/358/5155/284/1906/1958",9
"GO:0055023","positive regulation of cardiac muscle tissue growth","8/1652","22/16481",0.363636363636364,3.62777900066036,4.11648131176896,0.000883850351417967,0.0107542276981997,0.0107542276981997,"3084/2247/2066/6909/2263/1906/7049/407007",8
"GO:0007193","adenylate cyclase-inhibiting G protein-coupled receptor signaling pathway","20/1652","94/16481",0.212765957446809,2.12263664932255,3.64318402144959,0.000887712129800561,0.0107750627280635,0.0107750627280635,"5138/2913/122042/5028/64805/1132/4887/187/5734/1128/1901/5064/9590/8685/8843/1129/154/115330/728/2358",20
"GO:0050767","regulation of neurogenesis","44/1652","271/16481",0.162361623616236,1.61978324383728,3.43368666042495,0.000900122328023495,0.0108993073197628,0.0108993073197628,"6387/1959/22891/26508/6092/8322/7431/146433/4099/6376/391723/23493/650/1630/89780/4135/627/57463/2852/1524/7476/257194/79365/7472/1271/9444/4916/3569/56920/9037/4915/5789/5583/9353/85358/6792/659/4311/3553/51393/3949/80031/745/4842",44
"GO:0002699","positive regulation of immune effector process","38/1652","225/16481",0.168888888888889,1.68490180252892,3.45255348802201,0.000928727962878401,0.0112185862118299,0.0112185862118299,"2268/2623/354/2624/7805/5950/23705/729/3596/695/8013/7305/90865/51744/117157/5322/56253/9846/5199/6688/388325/8547/5648/8809/3569/3133/383/8741/2219/10865/7037/3122/115727/64332/3553/50487/3824/10584",38
"GO:0007229","integrin-mediated signaling pathway","22/1652","108/16481",0.203703703703704,2.03222805129585,3.59212215045002,0.000934995234841441,0.0112401225713673,0.0112401225713673,"8516/683/2268/10979/4739/3687/7305/84106/2207/199920/2013/8515/55679/80739/8613/3913/83706/9510/3055/335/3491/3683",22
"GO:0042552","myelination","22/1652","108/16481",0.203703703703704,2.03222805129585,3.59212215045002,0.000934995234841441,0.0112401225713673,0.0112401225713673,"4653/51090/23205/1959/4099/7122/3687/11076/23114/57463/57716/6547/9444/4118/163175/5354/5376/50846/58494/23136/2824/745",22
"GO:0006813","potassium ion transport","36/1652","210/16481",0.171428571428571,1.71023867173988,3.45727983327902,0.000947282666673314,0.0113605933206539,0.0113605933206539,"857/3777/3762/123041/343450/3744/3741/2702/30820/10242/57192/358/3764/3782/57463/2273/477/53826/859/9033/3739/6560/88/1262/1804/3753/845/3772/8514/7881/9465/5348/3773/482/283518/4842",36
"GO:0003176","aortic valve development","12/1652","44/16481",0.272727272727273,2.72083425049527,3.81488802185007,0.000987361979110206,0.0117568779127778,0.0117568779127778,"26508/6092/4772/140628/23493/4091/650/9353/7048/6586/659/7075",12
"GO:0030326","embryonic limb morphogenesis","12/1652","44/16481",0.272727272727273,2.72083425049527,3.81488802185007,0.000987361979110206,0.0117568779127778,0.0117568779127778,"144165/3899/9496/6926/56603/6909/4487/7476/7704/3549/7042/6910",12
"GO:0035113","embryonic appendage morphogenesis","12/1652","44/16481",0.272727272727273,2.72083425049527,3.81488802185007,0.000987361979110206,0.0117568779127778,0.0117568779127778,"144165/3899/9496/6926/56603/6909/4487/7476/7704/3549/7042/6910",12
"GO:0051480","regulation of cytosolic calcium ion concentration","14/1652","56/16481",0.25,2.494098062954,3.73807593769219,0.000994652323999324,0.0118156210905417,0.0118156210905417,"857/5028/130733/1268/785/7223/2852/6547/64072/114/858/7222/859/5023",14
"GO:0061614","miRNA transcription","17/1652","75/16481",0.226666666666667,2.26131557707829,3.6541025376805,0.00100395743566876,0.0118979636525,0.0118979636525,"9314/2247/2624/8862/84913/4091/650/6688/5155/5468/3569/2113/3725/1958/7042/2353/93649",17
"GO:0031960","response to corticosteroid","26/1652","137/16481",0.18978102189781,1.89332991640303,3.50445653191335,0.00103678055953074,0.012257973926716,0.012257973926716,"7538/2690/6340/249/1036/1843/21/358/2852/6909/1392/6754/590/4916/5730/3569/2354/687/1906/7356/9353/1536/2353/6586/9607/11170",26
"GO:0002446","neutrophil mediated immunity","10/1652","33/16481",0.303030303030303,3.02314916721696,3.88289832403154,0.00106300710333834,0.0124712536538564,0.0124712536538564,"2204/1636/1776/1610/6688/5319/306/3569/1511/383",10
"GO:1904385","cellular response to angiotensin","10/1652","33/16481",0.303030303030303,3.02314916721696,3.88289832403154,0.00106300710333834,0.0124712536538564,0.0124712536538564,"857/5770/1636/4921/186/88/815/760/185/5320",10
"GO:0018212","peptidyl-tyrosine modification","24/1652","123/16481",0.195121951219512,1.94661312230556,3.51712389305146,0.00106439140956827,0.0124712536538564,0.0124712536538564,"3084/2268/2264/4739/9052/3596/695/3575/2066/2324/5155/2202/4921/2263/284/3569/91461/3055/285489/51378/57091/353514/50604/2255",24
"GO:0001837","epithelial to mesenchymal transition","29/1652","159/16481",0.182389937106918,1.81959355536266,3.46607617238751,0.00106477090840825,0.0124712536538564,0.0124712536538564,"2295/25937/26508/10979/10630/6926/1601/23493/650/2013/153090/4487/2263/4092/9444/28984/3569/407006/6275/1906/152007/7048/7042/7049/2022/4855/6910/3553/407007",29
"GO:0086003","cardiac muscle cell contraction","18/1652","82/16481",0.219512195121951,2.18993976259375,3.60537890065655,0.00107667583541329,0.0125812959508783,0.0125812959508783,"857/3762/55800/3741/2702/6330/3764/477/6327/7134/6332/859/2697/6323/3753/845/154/4842",18
"GO:0001508","action potential","28/1652","152/16481",0.184210526315789,1.83775646743979,3.46327901425324,0.00109926164612896,0.0128153456559174,0.0128153456559174,"857/3777/3762/55800/3744/148/3741/2702/10242/6330/3764/2852/4887/477/6327/2890/6332/859/2697/6323/5023/3739/3753/845/1137/9465/4842/948",28
"GO:0010232","vascular transport","19/1652","89/16481",0.213483146067416,2.12979160432027,3.56701607320824,0.00113147654465267,0.0130995194419026,0.0130995194419026,"177/11309/6505/6573/5243/55640/3764/6540/6515/9429/477/2171/3953/9376/84879/6565/7037/482/948",19
"GO:0150104","transport across blood-brain barrier","19/1652","89/16481",0.213483146067416,2.12979160432027,3.56701607320824,0.00113147654465267,0.0130995194419026,0.0130995194419026,"177/11309/6505/6573/5243/55640/3764/6540/6515/9429/477/2171/3953/9376/84879/6565/7037/482/948",19
"GO:1903035","negative regulation of response to wounding","19/1652","89/16481",0.213483146067416,2.12979160432027,3.56701607320824,0.00113147654465267,0.0130995194419026,0.0130995194419026,"2247/7056/240/2160/90865/5627/5155/5196/22915/710/1906/146760/84830/5592/1361/90102/55966/58529/3848",19
"GO:0006801","superoxide metabolic process","15/1652","63/16481",0.238095238095238,2.37533148852761,3.65044011272695,0.00114605621573851,0.0132377414965372,0.0132377414965372,"114757/683/6505/53905/653361/7305/1906/4688/1536/5581/6649/10516/57580/2358/948",15
"GO:0034446","substrate adhesion-dependent cell spreading","20/1652","96/16481",0.208333333333333,2.07841505246166,3.53692643806389,0.00116994876819858,0.0133013716848615,0.0133013716848615,"10319/8516/4653/2192/55698/10979/4739/10630/7010/1601/91663/59277/79834/3913/9404/83706/5295/57091/335/81848",20
"GO:0070664","negative regulation of leukocyte proliferation","17/1652","76/16481",0.223684210526316,2.23156142474831,3.5917197994325,0.00117462706025386,0.0133013716848615,0.0133013716848615,"7805/695/7305/90865/6693/5322/56253/7128/64115/3133/11326/383/3549/7940/5320/6441/4332",17
"GO:0002920","regulation of humoral immune response","11/1652","39/16481",0.282051282051282,2.81385422487117,3.78516708651871,0.00117495670747672,0.0133013716848615,0.0133013716848615,"922/354/729/820/5199/5648/710/11326/2/2627/3553",11
"GO:0046622","positive regulation of organ growth","9/1652","28/16481",0.321428571428571,3.20669750951228,3.90056001330583,0.00117869140651153,0.0133013716848615,0.0133013716848615,"3084/2247/32/2066/6909/2263/1906/7049/407007",9
"GO:0060043","regulation of cardiac muscle cell proliferation","9/1652","28/16481",0.321428571428571,3.20669750951228,3.90056001330583,0.00117869140651153,0.0133013716848615,0.0133013716848615,"3084/2247/5950/2066/6909/2263/7049/6910/407007",9
"GO:0060402","calcium ion transport into cytosol","9/1652","28/16481",0.321428571428571,3.20669750951228,3.90056001330583,0.00117869140651153,0.0133013716848615,0.0133013716848615,"84502/857/22953/6547/5319/117/7222/57158/4842",9
"GO:1902932","positive regulation of alcohol biosynthetic process","9/1652","28/16481",0.321428571428571,3.20669750951228,3.90056001330583,0.00117869140651153,0.0133013716848615,0.0133013716848615,"5028/1601/51744/2852/117/9444/6622/5745/9619",9
"GO:0016264","gap junction assembly","7/1652","18/16481",0.388888888888889,3.87970809792844,4.07997896201487,0.0011795684399738,0.0133013716848615,0.0133013716848615,"857/2702/1636/187/2697/6910/3553",7
"GO:0048286","lung alveolus development","7/1652","18/16481",0.388888888888889,3.87970809792844,4.07997896201487,0.0011795684399738,0.0133013716848615,0.0133013716848615,"6943/51208/2263/91461/659/6441/2255",7
"GO:0061760","antifungal innate immune response","7/1652","18/16481",0.388888888888889,3.87970809792844,4.07997896201487,0.0011795684399738,0.0133013716848615,0.0133013716848615,"5322/93978/6688/1524/5919/26253/338339",7
"GO:0008064","regulation of actin polymerization or depolymerization","25/1652","131/16481",0.190839694656489,1.90389165110992,3.46673653111534,0.00118075212442916,0.0133013716848615,0.0133013716848615,"6387/81553/25802/25959/163782/256949/91663/7111/6711/56203/3071/1440/246/1073/9037/90952/3055/9353/88/130271/29767/5581/93663/6369/57580",25
"GO:0048880","sensory system development","42/1652","259/16481",0.162162162162162,1.61779333813232,3.34478800387087,0.00119142844236849,0.013391548837653,0.013391548837653,"2295/144165/10218/2247/6101/6247/85407/9839/5950/6505/8322/10763/6103/84467/64805/6445/7111/7306/6442/1543/4211/94/149461/6909/2202/27151/7476/7472/91851/146862/7483/84879/23287/5797/23554/7042/2353/659/7482/2823/343035/712",42
"GO:0007272","ensheathment of neurons","22/1652","110/16481",0.2,1.9952784503632,3.49567486473698,0.00120522365758742,0.0134614223163566,0.0134614223163566,"4653/51090/23205/1959/4099/7122/3687/11076/23114/57463/57716/6547/9444/4118/163175/5354/5376/50846/58494/23136/2824/745",22
"GO:0008366","axon ensheathment","22/1652","110/16481",0.2,1.9952784503632,3.49567486473698,0.00120522365758742,0.0134614223163566,0.0134614223163566,"4653/51090/23205/1959/4099/7122/3687/11076/23114/57463/57716/6547/9444/4118/163175/5354/5376/50846/58494/23136/2824/745",22
"GO:0051384","response to glucocorticoid","23/1652","117/16481",0.196581196581197,1.96117112642536,3.4823835622073,0.00120570090166449,0.0134614223163566,0.0134614223163566,"7538/2690/249/1036/1843/21/358/6909/1392/6754/590/4916/5730/3569/2354/687/1906/7356/9353/2353/6586/9607/11170",23
"GO:0036293","response to decreased oxygen levels","44/1652","275/16481",0.16,1.59622276029056,3.32785712962458,0.00121966487630236,0.0135848625256424,0.0135848625256424,"27063/114757/857/6387/863/3777/6095/9839/2277/761/212/3741/650/5770/847/1543/6532/358/4921/5468/2263/6547/79625/28984/9124/64506/3727/859/5740/1906/55332/1536/1958/7042/7049/2353/2627/93649/2022/51378/7037/2034/1137/4842",44
"GO:0099054","presynapse assembly","12/1652","45/16481",0.266666666666667,2.66037126715093,3.72255473739654,0.00122535002867489,0.0135848625256424,0.0135848625256424,"84631/2895/89780/7476/4916/94030/6622/22865/5789/27253/266727/1948",12
"GO:0120316","sperm flagellum assembly","12/1652","45/16481",0.266666666666667,2.66037126715093,3.72255473739654,0.00122535002867489,0.0135848625256424,0.0135848625256424,"255101/57821/286464/154313/90506/159686/80217/201625/57639/26074/84229/220136",12
"GO:0002548","monocyte chemotaxis","13/1652","51/16481",0.254901960784314,2.54300194654133,3.68349829233352,0.00122886910478485,0.0135848625256424,0.0135848625256424,"6387/6283/1843/5155/1524/5196/3569/1511/6347/9353/6368/2358/5800",13
"GO:0050890","cognition","36/1652","213/16481",0.169014084507042,1.68615080312383,3.36410845450598,0.00123030671985671,0.0135848625256424,0.0135848625256424,"7846/177/6505/4739/4593/7122/55450/64084/6532/1393/8850/1392/5923/6547/4900/590/57477/1128/2890/55084/114/84879/4915/65009/23237/4248/1958/85358/2353/3122/9607/4311/3949/1137/728/11170",36
"GO:0003148","outflow tract septum morphogenesis","8/1652","23/16481",0.347826086956522,3.47004947889252,3.95647781192646,0.00123719180155467,0.0136009703973543,0.0136009703973543,"6092/4091/6909/2263/7048/7042/2627/2022",8
"GO:0061384","heart trabecula morphogenesis","8/1652","23/16481",0.347826086956522,3.47004947889252,3.95647781192646,0.00123719180155467,0.0136009703973543,0.0136009703973543,"3084/5950/7010/23493/1901/7042/7049/2022",8
"GO:0048545","response to steroid hormone","48/1652","307/16481",0.156351791530945,1.55982680158686,3.30477462478085,0.0012464567639994,0.0136728397328862,0.0136728397328862,"857/7538/2690/6943/26508/25959/1601/8013/6340/249/1036/1843/21/358/5241/3726/2852/6909/1392/6754/57658/477/133522/6258/590/167465/49/4916/5730/3569/2354/3727/5187/687/1906/7356/84830/9353/81606/1408/1536/3725/7042/2353/6586/9607/1668/11170",48
"GO:0042310","vasoconstriction","16/1652","70/16481",0.228571428571429,2.28031822898651,3.58283756326785,0.00127085978670076,0.013910087578015,0.013910087578015,"857/1910/148/2702/10242/6532/1636/9732/146/1906/554/1908/659/6915/185/79987",16
"GO:0060390","regulation of SMAD protein signal transduction","15/1652","64/16481",0.234375,2.33821693401937,3.58011767480616,0.00136056093712529,0.0148594596466429,0.0148594596466429,"2658/1601/84913/4091/650/79674/94/5468/4092/168667/7048/7042/7049/2022/659",15
"GO:0045601","regulation of endothelial cell differentiation","10/1652","34/16481",0.294117647058824,2.93423301523999,3.76818830055585,0.00137233136398269,0.0149229872617033,0.0149229872617033,"6935/2658/1003/7122/84913/55273/94/81575/4855/3553",10
"GO:0070293","renal absorption","10/1652","34/16481",0.294117647058824,2.93423301523999,3.76818830055585,0.00137233136398269,0.0149229872617033,0.0149229872617033,"1910/6446/8692/149461/2621/6527/1906/6565/554/3043",10
"GO:0010812","negative regulation of cell-substrate adhesion","14/1652","58/16481",0.241379310344828,2.40809468147282,3.58547997284338,0.00143691920865965,0.0154759828115726,0.0154759828115726,"4653/2192/8322/6376/10391/5770/94/395/10395/90102/55966/81848/5800/11170",14
"GO:0019229","regulation of vasoconstriction","14/1652","58/16481",0.241379310344828,2.40809468147282,3.58547997284338,0.00143691920865965,0.0154759828115726,0.0154759828115726,"857/148/2702/10242/1636/9732/146/1906/554/1908/659/6915/185/79987",14
"GO:0034394","protein localization to cell surface","14/1652","58/16481",0.241379310344828,2.40809468147282,3.58547997284338,0.00143691920865965,0.0154759828115726,0.0154759828115726,"83700/7305/2013/627/284/859/88/79608/2219/8514/2824/338328/10516/2255",14
"GO:0030041","actin filament polymerization","26/1652","140/16481",0.185714285714286,1.85275856105154,3.38203800441839,0.00143849040423307,0.0154759828115726,0.0154759828115726,"81553/23242/25802/25959/163782/256949/91663/7111/6711/56203/395/3071/10810/1440/246/85462/90952/3055/9353/29767/375307/5581/93663/6369/57580/11170",26
"GO:0051963","regulation of synapse assembly","29/1652","162/16481",0.179012345679012,1.7858973784115,3.35509072719525,0.00143862118296286,0.0154759828115726,0.0154759828115726,"144165/55118/80059/4045/6092/653464/84631/4593/2895/5770/64084/22899/89780/627/57463/50863/9732/7476/257194/285025/4916/94030/6622/22865/5789/146760/266727/6383/8825",29
"GO:0071347","cellular response to interleukin-1","18/1652","84/16481",0.214285714285714,2.13779833967485,3.48939739868612,0.00144289265063929,0.0154886956266697,0.0154886956266697,"27063/8564/820/3373/91807/8692/10365/153090/4792/3569/5740/6347/1906/140885/9590/1958/3553/3552",18
"GO:0021537","telencephalon development","31/1652","177/16481",0.175141242937853,1.74727773901862,3.33617856353477,0.00145225840287009,0.0155559217384354,0.0155559217384354,"26153/6387/7846/6092/653464/6867/79633/64805/650/9638/2066/358/26468/221692/153090/6547/477/85458/4900/2890/84879/4915/146760/120892/23287/9353/554/85358/2353/200894/482",31
"GO:0032692","negative regulation of interleukin-1 production","11/1652","40/16481",0.275,2.74350786924939,3.68483024626539,0.00147589540500484,0.0156587758113386,0.0156587758113386,"6376/338557/1524/2621/7128/114769/4210/335/3553/945/3552",11
"GO:0150146","cell junction disassembly","11/1652","40/16481",0.275,2.74350786924939,3.68483024626539,0.00147589540500484,0.0156587758113386,0.0156587758113386,"144165/577/6376/91807/1524/714/5295/713/142684/3553/712",11
"GO:0010002","cardioblast differentiation","6/1652","14/16481",0.428571428571429,4.27559667934971,4.0923699767116,0.00148372601443963,0.0156587758113386,0.0156587758113386,"144165/3084/6909/7042/93649/6910",6
"GO:0034374","low-density lipoprotein particle remodeling","6/1652","14/16481",0.428571428571429,4.27559667934971,4.0923699767116,0.00148372601443963,0.0156587758113386,0.0156587758113386,"5322/1071/9619/185/50487/5320",6
"GO:0072224","metanephric glomerulus development","6/1652","14/16481",0.428571428571429,4.27559667934971,4.0923699767116,0.00148372601443963,0.0156587758113386,0.0156587758113386,"947/6943/358/5155/186/1958",6
"GO:1905063","regulation of vascular associated smooth muscle cell differentiation","6/1652","14/16481",0.428571428571429,4.27559667934971,4.0923699767116,0.00148372601443963,0.0156587758113386,0.0156587758113386,"4772/23493/2852/5155/407006/2022",6
"GO:1905209","positive regulation of cardiocyte differentiation","6/1652","14/16481",0.428571428571429,4.27559667934971,4.0923699767116,0.00148372601443963,0.0156587758113386,0.0156587758113386,"89780/2852/1948/7042/93649/6910",6
"GO:0048589","developmental growth","54/1652","358/16481",0.150837988826816,1.50481894301135,3.22316042554899,0.00148975232465796,0.0156663292525363,0.0156663292525363,"144165/80014/3084/2247/6387/2690/85407/5950/23242/7431/4099/2494/4593/51208/32/1630/2066/6532/4211/6456/627/6909/4921/2263/51299/3953/26524/23767/4092/56920/1901/9037/84879/344901/859/1906/65009/158376/9353/5592/6792/1908/7042/7049/6586/659/8825/58529/6910/51393/80031/407007/10516/2255",54
"GO:0050818","regulation of coagulation","16/1652","71/16481",0.225352112676056,2.24820107083177,3.51792946257715,0.00149069201146217,0.0156663292525363,0.0156663292525363,"857/7056/2160/5627/5155/5196/284/710/1906/84830/5592/1361/6915/84034/3848/948",16
"GO:1905954","positive regulation of lipid localization","19/1652","91/16481",0.208791208791209,2.08298299763191,3.45764618338552,0.00149410979053386,0.0156693982844064,0.0156693982844064,"857/1601/32/4481/10351/21/84417/1392/5468/1066/1906/56729/1071/9619/335/4023/10162/3553/948",19
"GO:0003254","regulation of membrane depolarization","12/1652","46/16481",0.260869565217391,2.60253710916939,3.63270263779997,0.00150890478502243,0.015758624348578,0.015758624348578,"4653/1634/55800/2702/7223/2273/6327/4092/2776/859/120892/6910",12
"GO:0052652","cyclic purine nucleotide metabolic process","12/1652","46/16481",0.260869565217391,2.60253710916939,3.63270263779997,0.00150890478502243,0.015758624348578,0.015758624348578,"5138/8654/1910/8622/5143/2977/117/114/4881/115/9607/196883",12
"GO:0051056","regulation of small GTPase mediated signal transduction","47/1652","302/16481",0.155629139072848,1.55261733720315,3.2350413222332,0.00153471205387013,0.0159948264574864,0.0159948264574864,"4653/81704/10979/25959/22808/54922/83478/7010/64759/89846/22899/153090/395/5923/10395/80243/79933/22898/84952/257106/2203/117/139818/79567/286205/9754/9912/152273/9353/90627/285489/9411/6792/408/2828/7042/440073/57636/57514/335/171024/81848/93663/57493/2255/57580/11214",47
"GO:0061437","renal system vasculature development","9/1652","29/16481",0.310344827586207,3.0961217333222,3.77080298349683,0.00155884374054295,0.0161790552201694,0.0161790552201694,"947/6943/7010/5175/358/5155/284/1906/1958",9
"GO:0061440","kidney vasculature development","9/1652","29/16481",0.310344827586207,3.0961217333222,3.77080298349683,0.00155884374054295,0.0161790552201694,0.0161790552201694,"947/6943/7010/5175/358/5155/284/1906/1958",9
"GO:0034764","positive regulation of transmembrane transport","29/1652","163/16481",0.177914110429448,1.77494095277708,3.31861324937321,0.00158621650447244,0.0164291391258684,0.0164291391258684,"857/55600/22953/6376/3596/8013/9002/57463/2852/2273/53826/187/5319/117/5295/7222/6622/5023/1906/5797/760/246329/3753/6769/10580/9465/5348/482/4842",29
"GO:0042476","odontogenesis","17/1652","78/16481",0.217948717948718,2.17434190103682,3.4698276899108,0.001590462876002,0.0164391554585526,0.0164391554585526,"947/123041/25840/820/650/249/358/4487/2263/9200/1080/3399/54959/1906/7042/1441/2358",17
"GO:0050804","modulation of chemical synaptic transmission","66/1652","458/16481",0.14410480349345,1.43764604502152,3.17038148728549,0.00159525962148743,0.0164548075771944,0.0164548075771944,"84502/2913/8564/177/2894/10718/6505/25927/6376/148/5028/2895/286097/7305/4889/785/1630/64084/6532/1636/140730/140689/89780/627/2852/1135/2900/1524/1392/5923/6547/477/51299/7476/6844/4900/590/1128/91851/2890/114/6347/4915/5023/5789/9912/56729/120892/23237/5334/9590/815/2557/85358/6792/1129/4311/154/3553/7143/22854/64101/1137/9465/116444/11170",66
"GO:0030832","regulation of actin filament length","25/1652","134/16481",0.186567164179104,1.8612672111597,3.34117308444011,0.00164471287486864,0.0168352131266104,0.0168352131266104,"6387/81553/25802/25959/163782/256949/91663/7111/6711/56203/3071/1440/246/1073/9037/90952/3055/9353/88/130271/29767/5581/93663/6369/57580",25
"GO:0007567","parturition","5/1652","10/16481",0.5,4.98819612590799,4.21060223136768,0.00164557239817257,0.0168352131266104,0.0168352131266104,"1543/1392/1906/5737/23764",5
"GO:0035696","monocyte extravasation","5/1652","10/16481",0.5,4.98819612590799,4.21060223136768,0.00164557239817257,0.0168352131266104,0.0168352131266104,"83700/177/5175/140885/120425",5
"GO:1903596","regulation of gap junction assembly","5/1652","10/16481",0.5,4.98819612590799,4.21060223136768,0.00164557239817257,0.0168352131266104,0.0168352131266104,"857/1636/187/6910/3553",5
"GO:1902905","positive regulation of supramolecular fiber organization","28/1652","156/16481",0.179487179487179,1.7906345067362,3.31160981972463,0.00165177955250407,0.016864299178621,0.016864299178621,"1490/4653/25802/10979/6376/91807/11346/8477/22899/3071/10174/79933/10810/1440/246/1073/28984/9037/859/22998/1906/3055/88/335/5581/9647/171024/6369",28
"GO:2000628","regulation of miRNA metabolic process","18/1652","85/16481",0.211764705882353,2.1126477709728,3.43262137752854,0.00166240528952455,0.0169382880414362,0.0169382880414362,"9314/2247/2624/8862/84913/4091/650/6688/5155/5468/9444/3569/2113/3725/1958/7042/2353/93649",18
"GO:0050769","positive regulation of neurogenesis","30/1652","171/16481",0.175438596491228,1.75024425470456,3.29155749566834,0.00167014883507126,0.016982669594751,0.016982669594751,"6387/1959/22891/6092/8322/7431/146433/4099/6376/650/4135/627/57463/2852/1524/7472/9444/3569/9037/4915/5789/5583/9353/85358/6792/659/4311/3553/51393/745",30
"GO:0035024","negative regulation of Rho protein signal transduction","7/1652","19/16481",0.368421052631579,3.67551293487957,3.89466626967193,0.00170733635221612,0.0172906608760797,0.0172906608760797,"4653/54922/10395/257106/79567/286205/57493",7
"GO:0060045","positive regulation of cardiac muscle cell proliferation","7/1652","19/16481",0.368421052631579,3.67551293487957,3.89466626967193,0.00170733635221612,0.0172906608760797,0.0172906608760797,"3084/2247/2066/6909/2263/7049/407007",7
"GO:0072006","nephron development","23/1652","120/16481",0.191666666666667,1.91214184826473,3.34715461766982,0.00171452006039936,0.0173284053685121,0.0173284053685121,"2247/947/1285/255743/6943/1286/26508/7010/2719/650/51196/5175/7481/358/79192/5155/284/186/1906/1958/5420/28999/5800",23
"GO:0046890","regulation of lipid biosynthetic process","31/1652","179/16481",0.173184357541899,1.72775508271673,3.2675256912542,0.00174676588065731,0.0175206183052019,0.0175206183052019,"27122/2264/2494/1601/650/3638/58526/21/345275/2852/5155/8850/2171/1066/9444/84879/1906/33/341/1958/9619/9607/10162/3553/115330/338328/3949/50487/5166/10580/57406",31
"GO:1903532","positive regulation of secretion by cell","43/1652","272/16481",0.158088235294118,1.5771502456915,3.20348664898073,0.00174853534720087,0.0175206183052019,0.0175206183052019,"322/27063/2268/6387/8564/2623/2624/5950/338557/5028/3596/820/1601/286097/650/6532/84417/9846/2852/1392/5468/25924/5319/4628/28984/7099/114/2776/6622/1906/56729/55691/1908/7042/22895/11069/9619/9607/3553/50487/945/3552/338442",43
"GO:0003352","regulation of cilium movement","10/1652","35/16481",0.285714285714286,2.85039778623314,3.65760390159292,0.00175101331955039,0.0175206183052019,0.0175206183052019,"85478/92749/55130/246176/284076/154313/57119/79645/80217/123872",10
"GO:0042551","neuron maturation","10/1652","35/16481",0.285714285714286,2.85039778623314,3.65760390159292,0.00175101331955039,0.0175206183052019,0.0175206183052019,"4653/8578/577/1910/6376/23294/65009/120892/163175/712",10
"GO:0045823","positive regulation of heart contraction","10/1652","35/16481",0.285714285714286,2.85039778623314,3.65760390159292,0.00175101331955039,0.0175206183052019,0.0175206183052019,"6505/55800/148/8862/5770/477/153/1906/1908/7042",10
"GO:0051047","positive regulation of secretion","45/1652","288/16481",0.15625,1.55881128934625,3.19319506830327,0.00176075577236886,0.0175830053523608,0.0175830053523608,"322/27063/2268/6387/8564/2623/2624/5950/338557/5028/3596/820/1601/286097/650/6532/358/84417/9846/2852/1392/5468/25924/5319/4628/28984/7099/114/2776/6622/1906/56729/4881/55691/1908/7042/22895/11069/9619/9607/3553/50487/945/3552/338442",45
"GO:0048644","muscle organ morphogenesis","13/1652","53/16481",0.245283018867925,2.447039608936,3.52171088160644,0.0017967969851469,0.017836323339686,0.017836323339686,"27063/3084/23493/650/2263/4634/4092/7134/4638/1901/7042/7049/2022",13
"GO:0051149","positive regulation of muscle cell differentiation","13/1652","53/16481",0.245283018867925,2.447039608936,3.52171088160644,0.0017967969851469,0.017836323339686,0.017836323339686,"3084/91807/89780/56203/56603/2852/3913/1906/1948/93649/2022/4855/221662",13
"GO:0060415","muscle tissue morphogenesis","13/1652","53/16481",0.245283018867925,2.447039608936,3.52171088160644,0.0017967969851469,0.017836323339686,0.017836323339686,"27063/3084/23493/650/2263/4634/4092/7134/4638/1901/7042/7049/2022",13
"GO:0060391","positive regulation of SMAD protein signal transduction","11/1652","41/16481",0.268292682926829,2.67659304317014,3.58753687822339,0.00183709749923399,0.0181292581315965,0.0181292581315965,"2658/1601/84913/650/94/168667/7048/7042/7049/2022/659",11
"GO:0001654","eye development","40/1652","249/16481",0.160642570281124,1.60263329346441,3.19811790198323,0.001838216559839,0.0181292581315965,0.0181292581315965,"2295/144165/10218/2247/6101/6247/85407/9839/5950/6505/8322/10763/6103/84467/6445/7111/7306/6442/1543/4211/94/149461/6909/2202/27151/7476/7472/91851/146862/7483/84879/23287/5797/23554/7042/2353/659/7482/2823/343035",40
"GO:0055123","digestive system development","17/1652","79/16481",0.215189873417722,2.14681858583382,3.41026051864641,0.00184100823802184,0.0181292581315965,0.0181292581315965,"6425/6943/23242/1910/2494/140628/5009/1543/7481/2263/5919/2294/64321/91461/7042/2627/123872",17
"GO:0002886","regulation of myeloid leukocyte mediated immunity","12/1652","47/16481",0.25531914893617,2.54716397918706,3.54520477775303,0.00184438891823543,0.0181292581315965,0.0181292581315965,"2268/2623/2624/695/7305/9846/1776/6688/1524/3133/383/50487",12
"GO:0009187","cyclic nucleotide metabolic process","12/1652","47/16481",0.25531914893617,2.54716397918706,3.54520477775303,0.00184438891823543,0.0181292581315965,0.0181292581315965,"5138/8654/1910/8622/5143/2977/117/114/4881/115/9607/196883",12
"GO:0043010","camera-type eye development","33/1652","195/16481",0.169230769230769,1.6883125349227,3.22718202298058,0.00187833767964438,0.0184268234599946,0.0184268234599946,"2295/144165/10218/2247/6101/6247/9839/5950/6505/8322/10763/84467/6445/7111/6442/1543/94/149461/6909/2202/7476/7472/146862/7483/84879/5797/23554/7042/2353/659/7482/2823/343035",33
"GO:0030193","regulation of blood coagulation","15/1652","66/16481",0.227272727272727,2.26736187541272,3.4433395860134,0.00189137648818143,0.018518496748542,0.018518496748542,"857/7056/2160/5627/5155/5196/710/1906/84830/5592/1361/6915/84034/3848/948",15
"GO:0015718","monocarboxylic acid transport","29/1652","165/16481",0.175757575757576,1.75342651698584,3.2464126171816,0.00192097398661548,0.0187716229920144,0.0187716229920144,"60482/162515/11309/57153/123264/5322/1636/6540/9429/5468/2171/5319/1066/6579/9376/84879/1906/9120/2167/56923/6578/6539/28965/5948/11000/3553/50487/5320/948",29
"GO:0002685","regulation of leukocyte migration","34/1652","203/16481",0.167487684729064,1.67092284020563,3.21031587426193,0.00193362319295926,0.018858469000593,0.018858469000593,"683/6387/81704/83700/177/23604/2277/4739/146433/6376/64805/90865/148823/6693/1843/10894/6688/1524/3071/2621/5919/5734/6401/3569/6347/1906/84830/9353/1908/58494/6403/969/728/2358",34
"GO:0090100","positive regulation of transmembrane receptor protein serine/threonine kinase signaling pathway","19/1652","93/16481",0.204301075268817,2.0381876643495,3.35105884020998,0.00195087120200678,0.0189897423993398,0.0189897423993398,"1028/9839/23090/2658/1003/1601/84913/650/94/168667/7048/7042/7049/93649/2022/659/1030/3491/222223",19
"GO:0008643","carbohydrate transport","21/1652","107/16481",0.196261682242991,1.95798352605734,3.31818219949366,0.0019680545841259,0.0191198791283394,0.0191198791283394,"55600/200010/55022/56606/338557/8013/358/5473/6515/5319/5295/84879/51763/6527/5797/9607/3553/366/89872/286753/10580",21
"GO:0001666","response to hypoxia","42/1652","266/16481",0.157894736842105,1.5752198292341,3.15677685121611,0.00201038862378532,0.0194933813753111,0.0194933813753111,"27063/114757/857/6387/863/3777/6095/2277/761/212/3741/650/5770/847/1543/6532/358/4921/5468/2263/6547/79625/28984/9124/64506/3727/859/5740/1906/1536/1958/7042/7049/2353/2627/93649/2022/51378/7037/2034/1137/4842",42
"GO:0050829","defense response to Gram-negative bacterium","16/1652","73/16481",0.219178082191781,2.18660652094597,3.39131420988075,0.00202698272766045,0.0195537573870891,0.0195537573870891,"6556/85480/7432/820/1755/358/1610/5919/4069/3569/7099/1511/64332/1669/1668/6403",16
"GO:0071260","cellular response to mechanical stimulus","16/1652","73/16481",0.219178082191781,2.18660652094597,3.39131420988075,0.00202698272766045,0.0195537573870891,0.0195537573870891,"27063/2247/5138/838/4099/3596/7010/5175/358/51311/477/5734/7099/2549/3553/63895",16
"GO:0032232","negative regulation of actin filament bundle assembly","9/1652","30/16481",0.3,2.99291767554479,3.64654458398592,0.00203138898479019,0.0195537573870891,0.0195537573870891,"4653/395/10395/84952/1901/5295/51763/85358/90102",9
"GO:0032233","positive regulation of actin filament bundle assembly","14/1652","60/16481",0.233333333333333,2.32782485875706,3.43909610450886,0.00203221775357539,0.0195537573870891,0.0195537573870891,"1490/4653/10979/6376/11346/8477/22899/10174/79933/28984/22998/335/9647/171024",14
"GO:0007610","behavior","56/1652","380/16481",0.147368421052632,1.47020517395183,3.09514122304201,0.00210579862652299,0.0202229281891949,0.0202229281891949,"9099/2247/6387/7846/177/2894/6505/123041/1910/4739/4593/5028/8862/7122/8013/4889/55450/64084/6532/1393/4887/8850/1524/1392/5923/6547/477/51052/3953/4900/590/186/2890/5730/27306/114/84879/2354/6622/153/4915/181/56729/65009/120892/23237/56923/1958/85358/2353/9607/4311/3949/1137/482/7466",56
"GO:0070588","calcium ion transmembrane transport","46/1652","299/16481",0.153846153846154,1.53482957720246,3.1150326638696,0.00216263865499398,0.020729077586013,0.020729077586013,"84959/84502/857/2247/2815/22953/59285/8787/123041/1910/6376/3596/286097/57685/51196/57192/785/786/9002/9254/89780/7223/2852/9127/6547/477/779/2621/187/5319/117/7222/57158/4308/6622/5023/1906/9033/5334/1262/845/2823/51393/117532/116444/4842",46
"GO:1905952","regulation of lipid localization","26/1652","144/16481",0.180555555555556,1.80129304546677,3.22339967332162,0.00217748762712142,0.0208067158533136,0.0208067158533136,"857/1601/32/4481/10351/21/84417/1392/5468/4792/1066/3569/114880/1906/56729/1408/341/1071/9619/335/185/255738/4023/10162/3553/948",26
"GO:0032755","positive regulation of interleukin-6 production","18/1652","87/16481",0.206896551724138,2.06408115554813,3.32138794910943,0.00218667455269286,0.0208067158533136,0.0208067158533136,"177/7805/85480/53342/695/7305/90865/8692/51311/388325/3569/7099/400709/10865/4023/3553/3552/353514",18
"GO:0055007","cardiac muscle cell differentiation","18/1652","87/16481",0.206896551724138,2.06408115554813,3.32138794910943,0.00218667455269286,0.0208067158533136,0.0208067158533136,"144165/3084/6926/23493/650/91807/4211/89780/859/1906/4629/88/10529/1948/93649/6910/407007/11214",18
"GO:0007423","sensory organ development","53/1652","356/16481",0.148876404494382,1.48524940827597,3.08935520008876,0.00218734076495039,0.0208067158533136,0.0208067158533136,"2295/144165/10218/2247/6101/6247/3777/85407/9839/2624/5950/6505/8322/10763/6103/6926/84467/65217/6445/7111/650/7306/4919/6442/1543/4211/56603/94/149461/6909/4648/2202/4487/2263/27151/7476/7472/91851/146862/7483/4916/55084/84879/23287/5797/23554/7042/2353/659/7482/2823/259236/343035",53
"GO:0071354","cellular response to interleukin-6","10/1652","36/16481",0.277777777777778,2.77122006994888,3.55086800439783,0.00220988166363651,0.0208945395969803,0.0208945395969803,"55022/2204/820/6688/3569/5740/6404/72/9021/11122",10
"GO:0099622","cardiac muscle cell membrane repolarization","10/1652","36/16481",0.277777777777778,2.77122006994888,3.55086800439783,0.00220988166363651,0.0208945395969803,0.0208945395969803,"3762/3741/2702/6330/3764/6327/859/3753/845/4842",10
"GO:1903524","positive regulation of blood circulation","10/1652","36/16481",0.277777777777778,2.77122006994888,3.55086800439783,0.00220988166363651,0.0208945395969803,0.0208945395969803,"6505/55800/148/8862/5770/477/153/1906/1908/7042",10
"GO:1900046","regulation of hemostasis","15/1652","67/16481",0.223880597014925,2.23352065339164,3.37679195808208,0.00221546505819206,0.0208945395969803,0.0208945395969803,"857/7056/2160/5627/5155/5196/710/1906/84830/5592/1361/6915/84034/3848/948",15
"GO:0070555","response to interleukin-1","21/1652","108/16481",0.194444444444444,1.93985404896422,3.27066343840998,0.00221741373740146,0.0208945395969803,0.0208945395969803,"27063/2690/8564/820/3373/91807/8692/10365/153090/4792/6401/3569/6622/5740/6347/1906/140885/9590/1958/3553/3552",21
"GO:0060420","regulation of heart growth","12/1652","48/16481",0.25,2.494098062954,3.4599433360058,0.00223867339036197,0.0210552902549429,0.0210552902549429,"3084/2247/5950/32/2066/6909/2263/859/1906/7049/6910/407007",12
"GO:0007517","muscle organ development","38/1652","236/16481",0.161016949152542,1.60636824393647,3.13155674034622,0.00225726725253876,0.0211228427282436,0.0211228427282436,"27063/857/9099/3084/1959/1960/6943/1827/6445/23493/650/6442/89780/56203/56603/2273/2263/4634/7402/4092/1073/1674/7134/4638/146862/1901/858/10324/3399/57158/859/7042/7049/93649/2022/58529/221662/1839",38
"GO:0003214","cardiac left ventricle morphogenesis","6/1652","15/16481",0.4,3.99055690072639,3.86750903226453,0.00226453203636434,0.0211228427282436,0.0211228427282436,"4889/23493/4887/2294/7048/6910",6
"GO:0036159","inner dynein arm assembly","6/1652","15/16481",0.4,3.99055690072639,3.86750903226453,0.00226453203636434,0.0211228427282436,0.0211228427282436,"126820/348807/51364/139212/387885/123872",6
"GO:1903028","positive regulation of opsonization","6/1652","15/16481",0.4,3.99055690072639,3.86750903226453,0.00226453203636434,0.0211228427282436,0.0211228427282436,"5322/5199/8547/5648/2219/10584",6
"GO:1904861","excitatory synapse assembly","11/1652","42/16481",0.261904761904762,2.61286463738038,3.49311239669637,0.00226713168315281,0.0211228427282436,0.0211228427282436,"144165/653464/2895/23266/7476/4916/94030/5789/85358/23284/64101",11
"GO:0009190","cyclic nucleotide biosynthetic process","8/1652","25/16481",0.32,3.19244552058111,3.66154493386417,0.00227535110178567,0.0211228427282436,0.0211228427282436,"1910/2977/117/114/4881/115/9607/196883",8
"GO:0051497","negative regulation of stress fiber assembly","8/1652","25/16481",0.32,3.19244552058111,3.66154493386417,0.00227535110178567,0.0211228427282436,0.0211228427282436,"4653/395/10395/84952/1901/5295/51763/90102",8
"GO:0048638","regulation of developmental growth","34/1652","205/16481",0.165853658536585,1.65462115395972,3.1478992047229,0.00228368956496142,0.021161064305271,0.021161064305271,"80014/3084/2247/6387/2690/5950/7431/4099/4593/32/1630/2066/6532/627/6909/2263/26524/4092/56920/9037/84879/344901/859/1906/158376/6792/7049/659/8825/58529/6910/51393/80031/407007",34
"GO:0060070","canonical Wnt signaling pathway","44/1652","284/16481",0.154929577464789,1.54563823619684,3.09581049280442,0.0023237702454356,0.0214927310707909,0.0214927310707909,"144165/857/9314/6425/85407/2262/25937/27122/9839/27123/8322/1910/1601/343637/2719/650/7481/89780/8434/50964/92162/153090/2263/7476/85458/26524/4092/7472/219287/64321/7483/284654/9037/27303/2776/1906/120892/1958/4163/85409/8796/7482/340419/5800",44
"GO:0001909","leukocyte mediated cytotoxicity","24/1652","130/16481",0.184615384615385,1.84179549264295,3.21613155748327,0.00233061817958699,0.0215163700446953,0.0215163700446953,"5551/177/23705/387837/7305/2215/56253/1776/2214/2013/1610/6688/1524/3071/4818/5295/3133/1511/383/9437/3811/3122/64332/3824",24
"GO:0001823","mesonephros development","16/1652","74/16481",0.216216216216216,2.15705778417643,3.32953827576443,0.00235033352202284,0.0215791610730778,0.0215791610730778,"2247/255743/6943/6092/2719/4091/650/847/7481/2263/4092/186/168667/7704/9353/2255",16
"GO:0048565","digestive tract development","16/1652","74/16481",0.216216216216216,2.15705778417643,3.32953827576443,0.00235033352202284,0.0215791610730778,0.0215791610730778,"6425/6943/23242/1910/140628/5009/1543/7481/2263/5919/2294/64321/91461/7042/2627/123872",16
"GO:0071496","cellular response to external stimulus","16/1652","74/16481",0.216216216216216,2.15705778417643,3.32953827576443,0.00235033352202284,0.0215791610730778,0.0215791610730778,"27063/2247/5138/838/4099/3596/7010/5175/358/51311/477/5734/7099/2549/3553/63895",16
"GO:0007179","transforming growth factor beta receptor signaling pathway","32/1652","190/16481",0.168421052631579,1.68023448451638,3.14767051512555,0.00235805547471371,0.021610479149433,0.021610479149433,"124857/375387/1028/9372/27122/9839/10979/1003/7122/1601/4091/650/8425/79674/94/2615/6688/5468/26524/4092/2662/83891/28984/7048/3725/7042/7049/2353/93649/2022/1030/4093",32
"GO:0006837","serotonin transport","7/1652","20/16481",0.35,3.49173728813559,3.72148981111157,0.00240161037237534,0.0218895869031229,0.0218895869031229,"2207/6532/1392/6622/6571/2824/4842",7
"GO:0061687","detoxification of inorganic compound","7/1652","20/16481",0.35,3.49173728813559,3.72148981111157,0.00240161037237534,0.0218895869031229,0.0218895869031229,"6556/847/4499/9429/4501/64116/4489",7
"GO:0090051","negative regulation of cell migration involved in sprouting angiogenesis","7/1652","20/16481",0.35,3.49173728813559,3.72148981111157,0.00240161037237534,0.0218895869031229,0.0218895869031229,"9314/79812/22915/4223/407006/90627/6915",7
"GO:0099172","presynapse organization","13/1652","55/16481",0.236363636363636,2.35805635042923,3.36713802123939,0.00256567143428586,0.0233424880219147,0.0233424880219147,"84631/2895/89780/7476/4916/94030/6622/22865/5789/27253/266727/1948/728",13
"GO:0051216","cartilage development","24/1652","131/16481",0.183206106870229,1.82773598506552,3.17465326073294,0.00258853206111772,0.0235078101854767,0.0235078101854767,"2247/2690/6660/2494/2658/3373/650/8692/7481/94/2202/7476/4969/5593/4092/960/7483/91461/7704/7048/3549/359845/659/7482",24
"GO:0003091","renal water homeostasis","9/1652","31/16481",0.290322580645161,2.89637194407561,3.5273545106093,0.00261141313171797,0.0236299892225671,0.0236299892225671,"361/8692/358/114/51763/115/554/196883/7466",9
"GO:1905606","regulation of presynapse assembly","9/1652","31/16481",0.290322580645161,2.89637194407561,3.5273545106093,0.00261141313171797,0.0236299892225671,0.0236299892225671,"84631/2895/89780/7476/4916/94030/6622/22865/266727",9
"GO:0048844","artery morphogenesis","12/1652","49/16481",0.244897959183673,2.44319810248555,3.37680878238748,0.00269912987034549,0.0243797081802558,0.0243797081802558,"23493/2702/94/6909/4092/2294/4638/1906/7048/7042/2022/3949",12
"GO:0007411","axon guidance","31/1652","184/16481",0.168478260869565,1.68080521633856,3.09959995540634,0.0027175784113497,0.0245021952807483,0.0245021952807483,"54538/6387/6092/57556/4753/23114/3730/1630/9638/223117/5588/59277/256158/627/4858/23767/27255/56920/9037/7869/1906/9353/5797/1948/1908/6586/659/91624/7143/80031/5800",31
"GO:0070663","regulation of leukocyte proliferation","35/1652","215/16481",0.162790697674419,1.62406385494679,3.07422441992382,0.00273376148510571,0.0246038533659514,0.0246038533659513,"4829/177/3568/7805/246778/3113/146433/2494/3596/695/7305/90865/6693/5322/56253/2214/1178/3071/7128/3569/64115/3133/11326/7048/383/3549/8741/7037/7940/3553/5320/3552/6441/4332/2255",35
"GO:0048251","elastic fiber assembly","5/1652","11/16481",0.454545454545455,4.53472375082545,3.91410717873339,0.00276888472394591,0.0248430774626959,0.0248430774626959,"4239/8425/7148/4629/10516",5
"GO:0045646","regulation of erythrocyte differentiation","11/1652","43/16481",0.255813953488372,2.55210034348781,3.40139624037079,0.00277520913207854,0.0248430774626959,0.0248430774626959,"3202/7538/2623/440712/6886/6688/3071/407006/2113/51621/407007",11
"GO:0055021","regulation of cardiac muscle tissue growth","11/1652","43/16481",0.255813953488372,2.55210034348781,3.40139624037079,0.00277520913207854,0.0248430774626959,0.0248430774626959,"3084/2247/5950/2066/6909/2263/859/1906/7049/6910/407007",11
"GO:0097006","regulation of plasma lipoprotein particle levels","17/1652","82/16481",0.207317073170732,2.06827644244965,3.23675320949112,0.00279932612634671,0.0250142992359645,0.0250142992359645,"3988/5322/4481/84879/341/1071/9619/335/185/255738/4023/10162/338328/3949/50487/5320/948",17
"GO:0002009","morphogenesis of an epithelium","46/1652","303/16481",0.151815181518152,1.51456780060573,3.01737437495796,0.00281812699555004,0.0251374922218726,0.0251374922218726,"144165/2247/85407/255743/6943/23242/79812/10979/54922/2658/83478/10630/3687/2719/650/7481/79192/94/6909/2263/7476/187/10395/23767/186/960/64321/54345/407006/2697/65009/9353/7048/90627/3549/7042/2022/90102/55966/5420/4855/123872/342574/1839/7075/2255",46
"GO:0002443","leukocyte mediated immunity","59/1652","410/16481",0.14390243902439,1.43562717770035,2.98135118906919,0.00282790965037107,0.0251799486275491,0.0251799486275491,"5551/732/2268/177/2623/2624/730/2204/23705/387837/729/695/8013/7305/2207/117157/2215/56253/1636/9846/1776/2214/2013/1610/1178/51311/6688/388325/1524/3071/4818/6844/714/4092/5319/8809/306/5730/3569/401258/5295/3133/2776/1511/383/713/9437/8741/3811/10865/7037/3122/115727/64332/6571/3553/50487/3824/712",59
"GO:0097485","neuron projection guidance","31/1652","185/16481",0.167567567567568,1.67171978273673,3.06662864202983,0.00295908939661597,0.0263012679880069,0.0263012679880069,"54538/6387/6092/57556/4753/23114/3730/1630/9638/223117/5588/59277/256158/627/4858/23767/27255/56920/9037/7869/1906/9353/5797/1948/1908/6586/659/91624/7143/80031/5800",31
"GO:0045471","response to ethanol","23/1652","125/16481",0.184,1.83565617433414,3.13019774689935,0.00296836815602022,0.026337043479875,0.026337043479875,"2247/5950/761/51208/7122/3596/4889/847/1036/1393/6688/1392/2263/1440/2890/117/4916/2354/72/1536/2353/9607/6915",23
"GO:0016049","cell growth","59/1652","411/16481",0.143552311435523,1.43213416753563,2.96114225160638,0.00298820911949395,0.0264056611334459,0.0264056611334459,"144165/3084/26153/6387/10718/23242/7431/4099/2658/1601/3373/57144/6446/8425/8692/1630/5588/4211/1410/6456/627/94/58189/2273/4487/51299/26524/23767/4092/186/2203/64321/85004/56981/81501/56920/9037/84879/344901/859/2697/1906/58191/4881/9353/5592/6792/1908/7042/10235/27244/6586/659/185/51393/1839/80031/8835/11170",59
"GO:0006910","phagocytosis, recognition","8/1652","26/16481",0.307692307692308,3.06965915440492,3.52504164408154,0.00300163986506385,0.0264056611334459,0.0264056611334459,"653509/5322/81035/5199/8547/5648/2219/10584",8
"GO:0007288","sperm axoneme assembly","8/1652","26/16481",0.307692307692308,3.06965915440492,3.52504164408154,0.00300163986506385,0.0264056611334459,0.0264056611334459,"255101/286464/154313/159686/80217/201625/57639/84229",8
"GO:0030449","regulation of complement activation","8/1652","26/16481",0.307692307692308,3.06965915440492,3.52504164408154,0.00300163986506385,0.0264056611334459,0.0264056611334459,"922/729/5199/5648/710/11326/2/3553",8
"GO:0045744","negative regulation of G protein-coupled receptor signaling pathway","15/1652","69/16481",0.217391304347826,2.16878092430782,3.24716680511963,0.00300243902774071,0.0264056611334459,0.0264056611334459,"6003/5138/8862/8490/11318/187/6004/5064/6622/181/64407/9353/408/6586/154",15
"GO:0031214","biomineral tissue development","25/1652","140/16481",0.178571428571429,1.78149861639571,3.09942126853762,0.00305334936598106,0.0268063754319844,0.0268063754319844,"144165/5251/123041/240/23493/650/7123/249/9365/4921/2263/2621/246/9200/1080/1901/166929/91461/54959/162466/359845/5552/659/3491/2824",25
"GO:0060048","cardiac muscle contraction","24/1652","133/16481",0.180451127819549,1.8002512334104,3.09276947801727,0.0031773821326813,0.027846532571908,0.027846532571908,"84502/857/3762/7136/55800/148/3741/2702/6330/3764/477/4634/6327/4092/7134/6332/57158/859/2697/6323/3753/845/154/4842",24
"GO:0034219","carbohydrate transmembrane transport","20/1652","104/16481",0.192307692307692,1.91853697150307,3.1363449995163,0.00318815530970246,0.0278921859817425,0.0278921859817425,"55600/200010/55022/56606/338557/8013/358/5473/6515/5319/5295/51763/6527/5797/9607/3553/366/89872/286753/10580",20
"GO:0034109","homotypic cell-cell adhesion","18/1652","90/16481",0.2,1.9952784503632,3.16002721607035,0.00322827996871475,0.0281915196968877,0.0281915196968877,"84959/2623/51032/10630/64805/375033/6532/5588/8613/22915/83706/3569/1511/10398/3043/81027/5592/84034",18
"GO:0071320","cellular response to cAMP","12/1652","50/16481",0.24,2.39433414043584,3.29569913626998,0.00323361736000607,0.0281915196968877,0.0281915196968877,"5138/2623/358/1393/1811/6547/2203/1080/51763/3753/366/9465",12
"GO:0008228","opsonization","7/1652","21/16481",0.333333333333333,3.32546408393866,3.5590333768806,0.00329431467628668,0.0281973844636944,0.0281973844636944,"653509/5322/5199/8547/5648/2219/10584",7
"GO:0048143","astrocyte activation","7/1652","21/16481",0.333333333333333,3.32546408393866,3.5590333768806,0.00329431467628668,0.0281973844636944,0.0281973844636944,"177/9839/3569/3949/712/728/2358",7
"GO:0071280","cellular response to copper ion","7/1652","21/16481",0.333333333333333,3.32546408393866,3.5590333768806,0.00329431467628668,0.0281973844636944,0.0281973844636944,"1543/358/4499/4501/6622/4489/23627",7
"GO:1904706","negative regulation of vascular associated smooth muscle cell proliferation","7/1652","21/16481",0.333333333333333,3.32546408393866,3.5590333768806,0.00329431467628668,0.0281973844636944,0.0281973844636944,"8862/8490/2852/5468/5592/93649/1264",7
"GO:0006805","xenobiotic metabolic process","23/1652","126/16481",0.182539682539683,1.82108747453784,3.08799876553323,0.00329503225506187,0.0281973844636944,0.0281973844636944,"1551/6095/11309/13/2940/1572/5243/6283/316/1543/56603/1553/217/2327/590/6579/6817/10249/27233/348158/1544/5581/4842",23
"GO:0030203","glycosaminoglycan metabolic process","14/1652","63/16481",0.222222222222222,2.21697605595911,3.23012906194518,0.00329607972961403,0.0281973844636944,0.0281973844636944,"2247/3036/55576/3373/3699/8692/10894/5155/11227/960/83539/80760/3553/8993",14
"GO:0051495","positive regulation of cytoskeleton organization","29/1652","171/16481",0.169590643274854,1.69190277954774,3.03559509588109,0.00331252224705928,0.0281973844636944,0.0281973844636944,"1490/4653/25802/10979/10763/6376/91807/11346/8477/22899/3071/10174/79933/10810/1440/246/1073/28984/9037/859/22998/1906/3055/88/335/5581/9647/171024/6369",29
"GO:0099174","regulation of presynapse organization","9/1652","32/16481",0.28125,2.80586032082324,3.41284910604178,0.00331510268861064,0.0281973844636944,0.0281973844636944,"84631/2895/89780/7476/4916/94030/6622/22865/266727",9
"GO:0001562","response to protozoan","6/1652","16/16481",0.375,3.74114709443099,3.66133238906032,0.0033186628433233,0.0281973844636944,0.0281973844636944,"6556/388646/5196/4818/115361/383",6
"GO:0003356","regulation of cilium beat frequency","6/1652","16/16481",0.375,3.74114709443099,3.66133238906032,0.0033186628433233,0.0281973844636944,0.0281973844636944,"55130/246176/284076/154313/80217/123872",6
"GO:0030214","hyaluronan catabolic process","6/1652","16/16481",0.375,3.74114709443099,3.66133238906032,0.0033186628433233,0.0281973844636944,0.0281973844636944,"2247/55576/3373/8692/10894/960",6
"GO:0035809","regulation of urine volume","6/1652","16/16481",0.375,3.74114709443099,3.66133238906032,0.0033186628433233,0.0281973844636944,0.0281973844636944,"1910/8692/51763/4883/4881/554",6
"GO:0042832","defense response to protozoan","6/1652","16/16481",0.375,3.74114709443099,3.66133238906032,0.0033186628433233,0.0281973844636944,0.0281973844636944,"6556/388646/5196/4818/115361/383",6
"GO:0098915","membrane repolarization during ventricular cardiac muscle cell action potential","6/1652","16/16481",0.375,3.74114709443099,3.66133238906032,0.0033186628433233,0.0281973844636944,0.0281973844636944,"3762/3764/6327/3753/845/4842",6
"GO:1903975","regulation of glial cell migration","6/1652","16/16481",0.375,3.74114709443099,3.66133238906032,0.0033186628433233,0.0281973844636944,0.0281973844636944,"6376/64805/1524/407006/407007/482",6
"GO:0016055","Wnt signaling pathway","59/1652","413/16481",0.142857142857143,1.42519889311657,2.92088146061814,0.00333263066666568,0.0282681514923774,0.0282681514923774,"144165/857/166336/4653/9314/6425/85407/2262/154810/25937/27122/9839/27123/8322/10979/4772/1910/25876/1601/343637/51473/2719/650/4919/7481/89780/8434/50964/92162/153090/2869/2263/57658/57447/7476/85458/26524/4092/7472/219287/64321/7483/284654/9037/83259/27303/2776/1906/120892/25928/1958/4163/85409/8796/7482/11197/84100/340419/5800",59
"GO:0098771","inorganic ion homeostasis","56/1652","388/16481",0.144329896907216,1.43989166521055,2.92664996683749,0.00334014403535251,0.0282840237317942,0.0282840237317942,"857/6387/6556/6505/2264/123041/1910/212/2658/5028/1003/3741/286097/130733/650/1268/5009/6340/249/57192/785/7223/2852/4499/286133/6547/477/53826/4501/64072/79901/6332/114/858/7222/57158/859/5023/1906/84239/64116/4881/6560/5745/1908/7037/9607/185/845/6358/4489/6368/5348/4093/482/7466",56
"GO:0010001","glial cell differentiation","27/1652","156/16481",0.173076923076923,1.72668327435277,3.04374707487843,0.00336669969262344,0.0284505319389222,0.0284505319389222,"4653/7846/1959/375387/177/22891/9839/146433/4099/2840/11076/650/57716/6547/9444/4916/3569/4915/163175/5354/2824/3949/745/2255/712/728/2358",27
"GO:0008347","glial cell migration","11/1652","44/16481",0.25,2.494098062954,3.31224044511674,0.00337115818306798,0.0284505319389222,0.0284505319389222,"653464/6376/5028/64805/153090/1524/407006/6347/7042/407007/482",11
"GO:0044060","regulation of endocrine process","10/1652","38/16481",0.263157894736842,2.62536638205684,3.3479598055351,0.00341570419924661,0.0287360380435806,0.0287360380435806,"1601/1393/84417/1392/5137/2776/2697/56729/1408/185",10
"GO:0141091","transforming growth factor beta receptor superfamily signaling pathway","46/1652","306/16481",0.150326797385621,1.49971909667822,2.94504684618354,0.00341645295710633,0.0287360380435806,0.0287360380435806,"857/124857/375387/1028/9372/27122/9839/23090/10979/2658/1003/7122/1601/51232/4091/650/8425/55273/79674/50964/375567/94/2615/6688/5468/26524/4092/7044/2662/91851/168667/83891/28984/7048/25928/3725/7042/7049/2353/93649/2022/659/1030/3491/222223/4093",46
"GO:0043266","regulation of potassium ion transport","15/1652","70/16481",0.214285714285714,2.13779833967485,3.18401045811698,0.00347468791166069,0.0291281112059449,0.0291281112059449,"857/30820/57463/2273/859/88/1804/3753/845/8514/7881/9465/482/283518/4842",15
"GO:0071346","cellular response to type II interferon","15/1652","70/16481",0.214285714285714,2.13779833967485,3.18401045811698,0.00347468791166069,0.0291281112059449,0.0291281112059449,"2204/3113/3394/388646/361/5468/115361/7099/6347/1906/1612/3055/140885/815/383",15
"GO:0006633","fatty acid biosynthetic process","28/1652","164/16481",0.170731707317073,1.70328648201736,3.02107654888747,0.00349770715741378,0.0292291468004067,0.0292291468004067,"23205/123876/240/32/54988/58526/1543/8850/401494/2171/246/5319/9200/5730/27306/5740/1906/33/4056/341/348158/79966/1544/4023/3553/338328/50487/5166",28
"GO:0010595","positive regulation of endothelial cell migration","21/1652","112/16481",0.1875,1.8705735472155,3.08553939965182,0.00349840177144306,0.0292291468004067,0.0292291468004067,"2247/2624/57381/406913/7010/23328/84913/2324/8613/5155/284/306/9037/407006/2113/1906/57608/7049/2549/51378/6237",21
"GO:0001763","morphogenesis of a branching structure","18/1652","91/16481",0.197802197802198,1.97335231354602,3.10762765378681,0.0036558835742936,0.030443429166003,0.030443429166003,"2247/255743/6943/54922/2658/650/1305/6909/2263/2294/186/120892/9353/7048/2022/4855/7075/2255",18
"GO:0016101","diterpenoid metabolic process","18/1652","91/16481",0.197802197802198,1.97335231354602,3.10762765378681,0.0036558835742936,0.030443429166003,0.030443429166003,"1551/5950/216/83875/1543/56603/124/1392/5919/125/1066/8630/5995/5948/158835/1544/4023/3949",18
"GO:0070482","response to oxygen levels","45/1652","299/16481",0.150501672240803,1.50146371682849,2.92069833878108,0.00367309544860422,0.0305360323115306,0.0305360323115306,"27063/114757/857/6387/863/3777/6095/9839/2277/761/212/3741/650/5770/847/1543/6532/358/4921/5468/2263/6547/2977/79625/28984/9124/64506/3727/859/5740/1906/55332/1536/1958/7042/7049/2353/2627/93649/2022/51378/7037/2034/1137/4842",45
"GO:0010817","regulation of hormone levels","65/1652","466/16481",0.139484978540773,1.39155685915888,2.86188392741033,0.00378645317971181,0.0314062281035946,0.0314062281035946,"1551/2690/1215/9060/27122/5950/53905/1359/1910/240/1586/7432/2494/338557/5028/8622/6926/820/3741/1601/695/650/216/83875/1543/1636/1393/84417/56603/124/2852/1392/5468/125/590/25924/283849/1066/90527/3569/114/2776/1511/2697/83539/1906/56729/6817/57818/1408/81027/8630/1958/1908/11069/80223/158835/9607/1544/185/4311/6571/3553/50487/338442",65
"GO:0007264","small GTPase-mediated signal transduction","67/1652","483/16481",0.13871635610766,1.38388878027261,2.8580763820581,0.0037902988235936,0.0314062281035946,0.0314062281035946,"4653/2247/81704/8727/10979/10044/25959/22808/54922/57381/9046/83478/10630/7010/51196/64759/51285/89846/22899/6236/1012/153090/395/5923/153020/9732/10395/80243/79933/22898/84952/257106/2203/85004/117/139818/79567/286205/9754/9912/152273/120892/9353/90627/285489/9411/1718/6792/408/2828/7042/10235/440073/11069/57636/57514/335/185/115727/171024/81848/93663/6237/57493/2255/57580/11214",67
"GO:0045576","mast cell activation","14/1652","64/16481",0.21875,2.18233580508475,3.16309053168714,0.00383802499151088,0.0317492067367063,0.0317492067367063,"2268/2623/2624/85480/6283/695/8013/9846/146722/5730/401258/2776/6571/50487",14
"GO:0061383","trabecula morphogenesis","8/1652","27/16481",0.296296296296296,2.95596807461214,3.39496725748174,0.00389621241442731,0.0321774511260694,0.0321774511260694,"3084/5950/7010/23493/1901/7042/7049/2022",8
"GO:0016339","calcium-dependent cell-cell adhesion","11/1652","45/16481",0.244444444444444,2.43867366155502,3.22550839101122,0.00406539023301869,0.0334643698491341,0.0334643698491341,"28513/1003/56131/51294/1012/5098/64072/222256/8642/1008/6403",11
"GO:0055008","cardiac muscle tissue morphogenesis","11/1652","45/16481",0.244444444444444,2.43867366155502,3.22550839101122,0.00406539023301869,0.0334643698491341,0.0334643698491341,"27063/3084/650/2263/4634/4092/7134/1901/7042/7049/2022",11
"GO:0002532","production of molecular mediator involved in inflammatory response","18/1652","92/16481",0.195652173913043,1.95190283187704,3.0558919714444,0.00412929716791269,0.0339346995126989,0.0339346995126989,"7538/240/53342/653361/820/695/2207/4792/4210/3569/7099/407006/5187/140885/6571/50487/407007/948",18
"GO:0032691","negative regulation of interleukin-1 beta production","9/1652","33/16481",0.272727272727273,2.72083425049527,3.3026850098135,0.00415963853308776,0.0340374483010074,0.0340374483010074,"6376/338557/1524/7128/114769/4210/335/3553/945",9
"GO:0060306","regulation of membrane repolarization","9/1652","33/16481",0.272727272727273,2.72083425049527,3.3026850098135,0.00415963853308776,0.0340374483010074,0.0340374483010074,"857/3741/2702/6330/859/3753/845/9465/4842",9
"GO:0003180","aortic valve morphogenesis","10/1652","39/16481",0.256410256410256,2.55804929533743,3.25135109041289,0.00418837574813279,0.0340374483010074,0.0340374483010074,"26508/6092/4772/140628/23493/4091/9353/7048/6586/7075",10
"GO:0032330","regulation of chondrocyte differentiation","10/1652","39/16481",0.256410256410256,2.55804929533743,3.25135109041289,0.00418837574813279,0.0340374483010074,0.0340374483010074,"6660/2494/94/2202/5593/4092/7483/91461/7704/359845",10
"GO:0034368","protein-lipid complex remodeling","10/1652","39/16481",0.256410256410256,2.55804929533743,3.25135109041289,0.00418837574813279,0.0340374483010074,0.0340374483010074,"5322/341/1071/9619/335/185/4023/338328/50487/5320",10
"GO:0034369","plasma lipoprotein particle remodeling","10/1652","39/16481",0.256410256410256,2.55804929533743,3.25135109041289,0.00418837574813279,0.0340374483010074,0.0340374483010074,"5322/341/1071/9619/335/185/4023/338328/50487/5320",10
"GO:0030856","regulation of epithelial cell differentiation","22/1652","121/16481",0.181818181818182,1.81388950033018,2.99912228540851,0.00419611870138092,0.0340374483010074,0.0340374483010074,"857/2247/7538/9839/6935/2658/1003/7122/3596/84913/650/55273/94/4487/81575/79413/5583/55966/4855/23764/3553/50604",22
"GO:0048771","tissue remodeling","22/1652","121/16481",0.181818181818182,1.81388950033018,2.99912228540851,0.00419611870138092,0.0340374483010074,0.0340374483010074,"84959/857/54/1543/1636/2324/94/4921/5468/7128/3953/186/3569/81501/1901/4883/2697/2034/659/9607/5166/7075",22
"GO:0050867","positive regulation of cell activation","49/1652","334/16481",0.146706586826347,1.46360245610474,2.85693744652502,0.00420709550968155,0.0340713566882611,0.0340713566882611,"857/2815/3111/81704/177/3127/85480/3113/2494/3596/695/8013/7305/375033/90865/1326/3575/8477/10326/5588/2214/6688/4921/3071/2621/3569/7099/64115/3133/3727/6347/140885/7704/120892/7048/3549/8741/7037/3122/64332/9173/3553/3552/79987/353514/6403/2255/558/338339",49
"GO:0003198","epithelial to mesenchymal transition involved in endocardial cushion formation","5/1652","12/16481",0.416666666666667,4.15683010492333,3.65120241829423,0.00435756929896819,0.0346738014217898,0.0346738014217898,"26508/23493/7048/7042/2022",5
"GO:0010524","positive regulation of calcium ion transport into cytosol","5/1652","12/16481",0.416666666666667,4.15683010492333,3.65120241829423,0.00435756929896819,0.0346738014217898,0.0346738014217898,"857/22953/5319/117/7222",5
"GO:0010572","positive regulation of platelet activation","5/1652","12/16481",0.416666666666667,4.15683010492333,3.65120241829423,0.00435756929896819,0.0346738014217898,0.0346738014217898,"2815/375033/7099/79987/6403",5
"GO:0016322","neuron remodeling","5/1652","12/16481",0.416666666666667,4.15683010492333,3.65120241829423,0.00435756929896819,0.0346738014217898,0.0346738014217898,"8578/577/6376/23294/712",5
"GO:0036302","atrioventricular canal development","5/1652","12/16481",0.416666666666667,4.15683010492333,3.65120241829423,0.00435756929896819,0.0346738014217898,0.0346738014217898,"6926/650/6909/2627/2022",5
"GO:0042045","epithelial fluid transport","5/1652","12/16481",0.416666666666667,4.15683010492333,3.65120241829423,0.00435756929896819,0.0346738014217898,0.0346738014217898,"1910/51208/358/1080/1906",5
"GO:0043306","positive regulation of mast cell degranulation","5/1652","12/16481",0.416666666666667,4.15683010492333,3.65120241829423,0.00435756929896819,0.0346738014217898,0.0346738014217898,"2268/2623/2624/9846/50487",5
"GO:0044857","plasma membrane raft organization","5/1652","12/16481",0.416666666666667,4.15683010492333,3.65120241829423,0.00435756929896819,0.0346738014217898,0.0346738014217898,"857/81035/2013/858/859",5
"GO:0060352","cell adhesion molecule production","5/1652","12/16481",0.416666666666667,4.15683010492333,3.65120241829423,0.00435756929896819,0.0346738014217898,0.0346738014217898,"407006/4855/335/3553/407007",5
"GO:1900426","positive regulation of defense response to bacterium","5/1652","12/16481",0.416666666666667,4.15683010492333,3.65120241829423,0.00435756929896819,0.0346738014217898,0.0346738014217898,"354/79812/53905/400709/84034",5
"GO:1901731","positive regulation of platelet aggregation","5/1652","12/16481",0.416666666666667,4.15683010492333,3.65120241829423,0.00435756929896819,0.0346738014217898,0.0346738014217898,"10630/22915/3569/1511/84034",5
"GO:0034114","regulation of heterotypic cell-cell adhesion","7/1652","22/16481",0.318181818181818,3.17430662557781,3.40610553170462,0.00441919802789207,0.0351084623039983,0.0351084623039983,"9314/177/91663/960/407006/335/3553",7
"GO:0070373","negative regulation of ERK1 and ERK2 cascade","14/1652","65/16481",0.215384615384615,2.14876140808344,3.09728048712187,0.00445025762176706,0.0352992744587315,0.0352992744587315,"9314/2192/78986/57556/1601/5770/1843/2852/153090/7099/407006/140885/81848/467",14
"GO:0071827","plasma lipoprotein particle organization","12/1652","52/16481",0.230769230769231,2.30224436580369,3.13918049105685,0.0045584369277584,0.0359865264863824,0.0359865264863824,"5322/84879/341/1071/9619/335/185/4023/10162/338328/50487/5320",12
"GO:1901570","fatty acid derivative biosynthetic process","12/1652","52/16481",0.230769230769231,2.30224436580369,3.13918049105685,0.0045584369277584,0.0359865264863824,0.0359865264863824,"23205/240/92086/246/9200/54511/2681/91227/55711/158835/79611/728226",12
"GO:1904427","positive regulation of calcium ion transmembrane transport","12/1652","52/16481",0.230769230769231,2.30224436580369,3.13918049105685,0.0045584369277584,0.0359865264863824,0.0359865264863824,"857/22953/6376/3596/9002/2852/187/5319/117/7222/6622/5023",12
"GO:0015908","fatty acid transport","19/1652","100/16481",0.19,1.89551452784504,2.99798960849697,0.00457599013265394,0.0360682995833242,0.0360682995833242,"11309/5322/1636/5468/2171/5319/9376/84879/1906/2167/56923/6578/28965/5948/11000/3553/50487/5320/948",19
"GO:0046470","phosphatidylcholine metabolic process","15/1652","72/16481",0.208333333333333,2.07841505246166,3.0608272869179,0.00460203490601948,0.0362166420469006,0.0362166420469006,"9468/57153/5322/21/5168/5319/84879/341/1071/335/10908/10162/3949/50487/5320",15
"GO:0032943","mononuclear cell proliferation","35/1652","222/16481",0.157657657657658,1.57285463429531,2.86814890728107,0.0046406498245616,0.0362375306456872,0.0362375306456872,"81704/177/6556/7805/246778/3113/2494/3596/695/7305/6693/5322/56253/1636/2214/2013/1178/3071/3569/64115/3133/11326/7048/383/3549/8741/7037/64332/7940/3553/5320/3552/6441/4332/2255",35
"GO:0048469","cell maturation","22/1652","122/16481",0.180327868852459,1.79902155360616,2.95656700753497,0.00464686793925743,0.0362375306456872,0.0362375306456872,"2038/25893/4653/122042/440712/8578/577/1910/6376/23294/26468/1811/5468/1080/83853/1906/65009/120892/163175/257062/712/558",22
"GO:0098754","detoxification","26/1652","152/16481",0.171052631578947,1.70648814833694,2.92061675803157,0.00465299737903092,0.0362375306456872,0.0362375306456872,"114757/6556/54996/5243/847/216/2878/4499/9429/217/4501/241/64116/6565/3039/3043/4056/9619/27244/5581/3040/4489/366/6649/10516/948",26
"GO:0003085","negative regulation of systemic arterial blood pressure","6/1652","17/16481",0.352941176470588,3.52107961828799,3.47113125358943,0.00469866246153934,0.0362375306456872,0.0362375306456872,"9365/1392/186/153/659/154",6
"GO:0009713","catechol-containing compound biosynthetic process","6/1652","17/16481",0.352941176470588,3.52107961828799,3.47113125358943,0.00469866246153934,0.0362375306456872,0.0362375306456872,"5409/9365/1610/217/6622/7042",6
"GO:0010522","regulation of calcium ion transport into cytosol","6/1652","17/16481",0.352941176470588,3.52107961828799,3.47113125358943,0.00469866246153934,0.0362375306456872,0.0362375306456872,"857/22953/5319/117/7222/4842",6
"GO:0010885","regulation of cholesterol storage","6/1652","17/16481",0.352941176470588,3.52107961828799,3.47113125358943,0.00469866246153934,0.0362375306456872,0.0362375306456872,"4481/5468/1066/9619/4023/948",6
"GO:0032332","positive regulation of chondrocyte differentiation","6/1652","17/16481",0.352941176470588,3.52107961828799,3.47113125358943,0.00469866246153934,0.0362375306456872,0.0362375306456872,"6660/94/5593/4092/91461/7704",6
"GO:0033623","regulation of integrin activation","6/1652","17/16481",0.352941176470588,3.52107961828799,3.47113125358943,0.00469866246153934,0.0362375306456872,0.0362375306456872,"83700/10979/54922/64805/5734/6403",6
"GO:0036005","response to macrophage colony-stimulating factor","6/1652","17/16481",0.352941176470588,3.52107961828799,3.47113125358943,0.00469866246153934,0.0362375306456872,0.0362375306456872,"5153/5138/146433/249/7099/81501",6
"GO:0042423","catecholamine biosynthetic process","6/1652","17/16481",0.352941176470588,3.52107961828799,3.47113125358943,0.00469866246153934,0.0362375306456872,0.0362375306456872,"5409/9365/1610/217/6622/7042",6
"GO:1903027","regulation of opsonization","6/1652","17/16481",0.352941176470588,3.52107961828799,3.47113125358943,0.00469866246153934,0.0362375306456872,0.0362375306456872,"5322/5199/8547/5648/2219/10584",6
"GO:1904754","positive regulation of vascular associated smooth muscle cell migration","6/1652","17/16481",0.352941176470588,3.52107961828799,3.47113125358943,0.00469866246153934,0.0362375306456872,0.0362375306456872,"8013/5155/4921/9732/9510/407006",6
"GO:0048708","astrocyte differentiation","11/1652","46/16481",0.239130434782609,2.3856590167386,3.14107369894645,0.00486885708810322,0.0374924432913386,0.0374924432913386,"177/9839/4099/650/9444/4916/3569/3949/712/728/2358",11
"GO:0007215","glutamate receptor signaling pathway","13/1652","59/16481",0.220338983050847,2.19818812328149,3.07727058096244,0.00490959353939695,0.0377481478726947,0.0377481478726947,"2913/2894/6505/6376/2895/2900/2890/4308/2776/6347/85358/154/116444",13
"GO:0000302","response to reactive oxygen species","28/1652","168/16481",0.166666666666667,1.66273204196933,2.8817306378826,0.00494076137577893,0.0379296122155893,0.0379296122155893,"114757/9314/7350/761/3741/695/3373/847/8692/1843/10365/358/1410/4921/7128/3569/1906/7356/140885/120892/3039/3043/2353/27244/3040/6649/10516/948",28
"GO:0031664","regulation of lipopolysaccharide-mediated signaling pathway","8/1652","28/16481",0.285714285714286,2.85039778623314,3.2707643809712,0.00498322081759364,0.0381970733311879,0.0381970733311879,"6376/23328/388325/7128/114769/9450/140885/948",8
"GO:0034367","protein-containing complex remodeling","10/1652","40/16481",0.25,2.494098062954,3.15771315424553,0.00509253586250876,0.03886414702731,0.03886414702731,"5322/341/1071/9619/335/185/4023/338328/50487/5320",10
"GO:0070741","response to interleukin-6","10/1652","40/16481",0.25,2.494098062954,3.15771315424553,0.00509253586250876,0.03886414702731,0.03886414702731,"55022/2204/820/6688/3569/5740/6404/72/9021/11122",10
"GO:0007178","cell surface receptor protein serine/threonine kinase signaling pathway","48/1652","329/16481",0.145896656534954,1.45552227382118,2.78562150318437,0.00509350580429736,0.03886414702731,0.03886414702731,"857/124857/375387/1028/9372/25937/27122/9839/23090/10979/2658/1003/7122/1601/51232/84913/4091/650/8425/55273/79674/50964/375567/94/2615/6688/5468/26524/4092/7044/2662/91851/168667/83891/28984/7048/25928/3725/7042/7049/2353/93649/2022/659/1030/3491/222223/4093",48
"GO:0150115","cell-substrate junction organization","19/1652","101/16481",0.188118811881188,1.87674705727231,2.94988949736478,0.00511979372794606,0.0390053585990784,0.0390053585990784,"144165/4653/10979/55901/7010/10391/94/395/79834/10395/5295/22998/88/90102/9647/142684/2824/10580/11170",19
"GO:0022617","extracellular matrix disassembly","14/1652","66/16481",0.212121212121212,2.11620441705187,3.03265462681374,0.00513918715773242,0.0390344624571404,0.0390344624571404,"1215/170689/2264/10630/9507/7078/8434/4327/4921/3569/7177/1511/7042/2022",14
"GO:0051153","regulation of striated muscle cell differentiation","14/1652","66/16481",0.212121212121212,2.11620441705187,3.03265462681374,0.00513918715773242,0.0390344624571404,0.0390344624571404,"3084/650/91807/89780/56203/627/56603/79365/859/1906/1948/93649/221662/407007",14
"GO:0002687","positive regulation of leukocyte migration","24/1652","138/16481",0.173913043478261,1.73502473944626,2.89403182225816,0.00515984327367082,0.0390973798614947,0.0390973798614947,"6387/81704/83700/177/23604/2277/4739/146433/6376/64805/6693/10894/6688/1524/3071/2621/5919/3569/6347/1906/1908/58494/728/2358",24
"GO:0086005","ventricular cardiac muscle cell action potential","9/1652","34/16481",0.264705882352941,2.64080971371599,3.19655383707523,0.00516306911396559,0.0390973798614947,0.0390973798614947,"857/3762/55800/3764/6327/859/3753/845/4842",9
"GO:0001523","retinoid metabolic process","17/1652","87/16481",0.195402298850575,1.9494099802399,2.96345711104025,0.00529710409322619,0.0400518594560224,0.0400518594560224,"1551/5950/216/83875/1543/56603/124/5919/125/1066/8630/5995/5948/158835/1544/4023/3949",17
"GO:0050731","positive regulation of peptidyl-tyrosine phosphorylation","12/1652","53/16481",0.226415094339623,2.258805792864,3.06359966318962,0.00536672178901054,0.040517133024563,0.040517133024563,"3084/4739/3596/2066/284/3569/285489/51378/57091/353514/50604/2255",12
"GO:0060348","bone development","22/1652","124/16481",0.17741935483871,1.77000507693509,2.87263400376606,0.0056693279322376,0.0427373547733941,0.0427373547733941,"4653/2690/5251/7305/650/1305/56603/4921/2263/3953/4969/5734/202151/344901/2697/7704/5592/162466/359845/659/10516/11214",22
"GO:0032355","response to estradiol","19/1652","102/16481",0.186274509803922,1.85834757631866,2.90233321603979,0.00571555893794139,0.0429623612103021,0.0429623612103021,"2690/8787/847/1843/6532/1410/1393/2852/7476/2890/117/50846/3549/5737/10268/9607/6751/8835/2255",19
"GO:0001558","regulation of cell growth","51/1652","356/16481",0.143258426966292,1.42920226079386,2.73252932133255,0.00572035608235486,0.0429623612103021,0.0429623612103021,"3084/26153/6387/10718/7431/4099/2658/1601/3373/57144/6446/8425/8692/1630/5588/1410/627/94/58189/2273/4487/26524/4092/186/2203/64321/85004/56981/81501/56920/9037/84879/344901/859/2697/1906/58191/4881/9353/6792/7042/10235/27244/6586/659/185/51393/1839/80031/8835/11170",51
"GO:0021700","developmental maturation","37/1652","241/16481",0.153526970954357,1.53164528347382,2.77501392515739,0.00573004506159242,0.0429623612103021,0.0429623612103021,"2038/25893/4653/122042/440712/8578/577/123041/1910/6376/650/23294/22899/26468/8434/94/1811/153090/1524/5468/51299/1080/91851/1901/5064/83853/1906/65009/7704/120892/163175/162466/359845/7042/257062/712/558",37
"GO:0044089","positive regulation of cellular component biogenesis","64/1652","466/16481",0.137339055793991,1.3701482920949,2.7054089926565,0.00574202713163822,0.0429623612103021,0.0429623612103021,"1490/80059/857/3084/4653/163404/23242/25802/10979/84631/6886/6376/54922/2658/1003/7122/7010/64805/695/3373/2895/11076/11346/51196/64084/8477/21/22899/627/57463/94/153090/3071/51364/7476/10174/79933/26524/1440/246/51673/139818/28984/7099/5064/5295/94030/6622/859/22865/22998/5789/3055/146760/7037/335/5581/9647/171024/6910/2823/401548/6369/948",64
"GO:0050801","monoatomic ion homeostasis","64/1652","466/16481",0.137339055793991,1.3701482920949,2.7054089926565,0.00574202713163822,0.0429623612103021,0.0429623612103021,"857/6387/6556/6505/123041/1910/212/2658/5028/1003/3741/286097/130733/650/1268/5009/6340/249/57192/785/7223/1811/2852/245972/84329/4499/286133/1392/6547/477/53826/4501/1080/64072/79901/6332/114/858/7222/57158/859/5023/1906/84239/64116/4881/120892/6521/6560/760/5745/1908/7037/9607/185/845/6358/4489/6368/5166/5348/4093/482/7466",64
"GO:0003094","glomerular filtration","7/1652","23/16481",0.304347826086957,3.03629329403095,3.2616954863675,0.00581132575191468,0.0432228130479945,0.0432228130479945,"947/2702/2013/5155/2621/1906/5800",7
"GO:0032958","inositol phosphate biosynthetic process","7/1652","23/16481",0.304347826086957,3.03629329403095,3.2616954863675,0.00581132575191468,0.0432228130479945,0.0432228130479945,"80271/5028/51744/2852/117/6622/5745",7
"GO:0042733","embryonic digit morphogenesis","7/1652","23/16481",0.304347826086957,3.03629329403095,3.2616954863675,0.00581132575191468,0.0432228130479945,0.0432228130479945,"144165/6926/6909/4487/7476/7704/3549",7
"GO:0043267","negative regulation of potassium ion transport","7/1652","23/16481",0.304347826086957,3.03629329403095,3.2616954863675,0.00581132575191468,0.0432228130479945,0.0432228130479945,"857/859/88/3753/845/283518/4842",7
"GO:0002027","regulation of heart rate","18/1652","95/16481",0.189473684210526,1.89026379508092,2.90450234851424,0.00586113055261388,0.0434000701037716,0.0434000701037716,"857/3762/6505/1910/55800/3741/5770/6330/1636/6327/186/859/153/1906/1908/3753/9607/845",18
"GO:0030282","bone mineralization","18/1652","95/16481",0.189473684210526,1.89026379508092,2.90450234851424,0.00586113055261388,0.0434000701037716,0.0434000701037716,"144165/240/650/7123/249/9365/4921/2263/246/1901/166929/91461/162466/359845/5552/659/3491/2824",18
"GO:0045639","positive regulation of myeloid cell differentiation","18/1652","95/16481",0.189473684210526,1.89026379508092,2.90450234851424,0.00586113055261388,0.0434000701037716,0.0434000701037716,"3202/2623/440712/4739/146433/6886/7305/3071/5196/133522/1440/81501/407006/2113/222166/2124/50487/407007",18
"GO:0001657","ureteric bud development","14/1652","67/16481",0.208955223880597,2.08461927649886,2.96917091772384,0.00591149110855441,0.0435503739047734,0.0435503739047734,"2247/255743/6943/6092/2719/4091/650/847/7481/2263/4092/186/168667/9353",14
"GO:0050672","negative regulation of lymphocyte proliferation","14/1652","67/16481",0.208955223880597,2.08461927649886,2.96917091772384,0.00591149110855441,0.0435503739047734,0.0435503739047734,"7805/7305/6693/5322/56253/64115/3133/11326/383/3549/7940/5320/6441/4332",14
"GO:0120193","tight junction organization","14/1652","67/16481",0.208955223880597,2.08461927649886,2.96917091772384,0.00591149110855441,0.0435503739047734,0.0435503739047734,"5010/51208/2658/1003/7122/91807/5175/94/151306/149461/10266/90952/5583/3553",14
"GO:0001952","regulation of cell-matrix adhesion","21/1652","117/16481",0.179487179487179,1.7906345067362,2.86451864218148,0.00591617886079208,0.0435503739047734,0.0435503739047734,"4653/683/10979/6376/7010/2013/94/1012/8613/395/79834/10395/7402/22998/90102/55966/9647/2824/6237/11170/948",21
"GO:0045637","regulation of myeloid cell differentiation","30/1652","186/16481",0.161290322580645,1.60909552448645,2.78831856725041,0.00601868391244116,0.044201532080857,0.044201532080857,"84959/3202/7538/2623/440712/4739/11025/146433/6886/7305/130733/4211/6688/3071/5196/133522/714/1440/9444/7099/81501/407006/2113/222166/7704/51621/9607/2124/50487/407007",30
"GO:0086001","cardiac muscle cell action potential","16/1652","81/16481",0.197530864197531,1.97064538307476,2.9228657693762,0.00602227137666573,0.044201532080857,0.044201532080857,"857/3762/55800/3741/2702/6330/3764/477/6327/6332/859/2697/6323/3753/845/4842",16
"GO:0071805","potassium ion transmembrane transport","31/1652","194/16481",0.15979381443299,1.5941657721974,2.77853351310946,0.00608154923156262,0.0445617652615277,0.0445617652615277,"857/3777/3762/123041/343450/3744/3741/30820/10242/57192/358/3764/3782/57463/2273/477/53826/859/9033/3739/6560/1804/3753/3772/8514/7881/9465/5348/3773/482/283518",31
"GO:0050807","regulation of synapse organization","44/1652","299/16481",0.147157190635452,1.46809785645453,2.72636401369256,0.00608913010256263,0.0445617652615277,0.0445617652615277,"144165/55118/80059/7846/9758/2894/4045/6092/577/653464/84631/4739/4593/2895/5770/64084/22899/89780/627/57463/153090/50863/51299/9732/7476/257194/285025/4916/94030/6622/22865/5789/9912/146760/120892/23237/266727/85358/6792/8404/6383/8825/2823/5800",44
"GO:0006584","catecholamine metabolic process","10/1652","41/16481",0.24390243902439,2.43326640288195,3.06687189094805,0.00614267727001677,0.0447576179572588,0.0447576179572588,"4129/6505/5409/9365/1610/217/6622/4881/6817/7042",10
"GO:0009712","catechol-containing compound metabolic process","10/1652","41/16481",0.24390243902439,2.43326640288195,3.06687189094805,0.00614267727001677,0.0447576179572588,0.0447576179572588,"4129/6505/5409/9365/1610/217/6622/4881/6817/7042",10
"GO:0010761","fibroblast migration","10/1652","41/16481",0.24390243902439,2.43326640288195,3.06687189094805,0.00614267727001677,0.0447576179572588,0.0447576179572588,"114757/2247/3036/9839/8692/4921/9124/7145/9590/5581",10
"GO:0072330","monocarboxylic acid biosynthetic process","34/1652","218/16481",0.155963302752294,1.55595108514561,2.75798684681317,0.00616728537244994,0.0448717003949079,0.0448717003949079,"1593/23205/8564/2264/123876/240/32/54988/216/58526/1543/8850/401494/2171/246/5319/9200/1066/5730/27306/114880/5740/1906/33/4056/341/348158/79966/1544/4023/3553/338328/50487/5166",34
"GO:0048667","cell morphogenesis involved in neuron differentiation","63/1652","459/16481",0.137254901960784,1.36930874044533,2.67833722791165,0.0061818246688061,0.0449123000938044,0.0449123000938044,"322/144165/54538/6387/22891/6092/577/23242/8322/84631/7431/57556/4099/4753/79633/23114/3730/1630/9638/223117/5588/59277/256158/4135/627/57463/221692/2263/7476/4858/23767/27255/57520/56920/9037/84879/7869/120114/22865/4915/5789/1906/9912/120892/23237/9353/5797/1948/5592/85358/6792/1908/6586/6383/659/91624/7143/51393/22854/80031/84612/5800/115207",63
"GO:0007286","spermatid development","27/1652","163/16481",0.165644171779141,1.6525312318959,2.7944048950301,0.00620078987464328,0.044984890942962,0.044984890942962,"374864/79747/255101/89765/57821/341567/286464/154313/90506/1811/80726/219681/1080/5990/83853/84225/159686/50846/80217/201625/57639/257062/58494/11055/26074/84229/220136",27
"GO:0061844","antimicrobial humoral immune response mediated by antimicrobial peptide","22/1652","125/16481",0.176,1.75584503631961,2.83124148706006,0.00624623196210927,0.0450936592021646,0.0450936592021646,"6362/6387/354/85480/7432/6376/820/6283/2921/1755/6360/5473/5196/5319/2920/6347/6358/6368/1669/8993/6369/1668",22
"GO:1903037","regulation of leukocyte cell-cell adhesion","49/1652","341/16481",0.143695014662757,1.43355783090611,2.70022623025361,0.00628361144299167,0.0450936592021646,0.0450936592021646,"857/9314/6387/3111/81704/177/3127/7805/3113/240/2494/8013/1326/3575/6693/5322/56253/8477/10326/5588/3071/4092/960/6401/3569/64115/3133/407006/2113/1511/6347/11326/140885/84830/7704/7048/383/1948/3549/7037/3122/64332/3553/5320/407007/3552/6403/6441/969",49
"GO:0007187","G protein-coupled receptor signaling pathway, coupled to cyclic nucleotide second messenger","12/1652","54/16481",0.222222222222222,2.21697605595911,2.98969907780967,0.00628487629872455,0.0450936592021646,0.0450936592021646,"1268/1132/6754/186/1128/7433/10203/6347/5745/5739/1129/6751",12
"GO:0031663","lipopolysaccharide-mediated signaling pathway","12/1652","54/16481",0.222222222222222,2.21697605595911,2.98969907780967,0.00628487629872455,0.0450936592021646,0.0450936592021646,"6376/23328/6688/388325/7128/114769/7099/9450/3055/140885/5581/948",12
"GO:0071825","protein-lipid complex organization","12/1652","54/16481",0.222222222222222,2.21697605595911,2.98969907780967,0.00628487629872455,0.0450936592021646,0.0450936592021646,"5322/84879/341/1071/9619/335/185/4023/10162/338328/50487/5320",12
"GO:1903409","reactive oxygen species biosynthetic process","12/1652","54/16481",0.222222222222222,2.21697605595911,2.98969907780967,0.00628487629872455,0.0450936592021646,0.0450936592021646,"4129/7350/761/53905/240/653361/84329/90527/7099/6622/6571/948",12
"GO:0090330","regulation of platelet aggregation","8/1652","29/16481",0.275862068965517,2.75210820739751,3.15194234706609,0.00628774541837483,0.0450936592021646,0.0450936592021646,"51032/10630/5588/22915/3569/1511/5592/84034",8
"GO:1904893","negative regulation of receptor signaling pathway via STAT","8/1652","29/16481",0.275862068965517,2.75210820739751,3.15194234706609,0.00628774541837483,0.0450936592021646,0.0450936592021646,"857/387837/388646/3575/5468/9021/11122/8835",8
"GO:0048515","spermatid differentiation","28/1652","171/16481",0.16374269005848,1.63356130439092,2.77963269609385,0.00632470235468516,0.0452939041486238,0.0452939041486238,"374864/79747/255101/89765/57821/341567/286464/154313/90506/1811/80726/219681/1080/5990/83853/84225/159686/50846/80217/201625/57639/257062/58494/11055/5414/26074/84229/220136",28
"GO:0046688","response to copper ion","9/1652","35/16481",0.257142857142857,2.56535800760982,3.09417769445063,0.00634416535049393,0.0453038474387836,0.0453038474387836,"1543/358/4499/4501/6622/7037/4489/23627/3552",9
"GO:0051385","response to mineralocorticoid","9/1652","35/16481",0.257142857142857,2.56535800760982,3.09417769445063,0.00634416535049393,0.0453038474387836,0.0453038474387836,"6340/2852/1392/4916/2354/1906/1536/2353/9607",9
"GO:0006957","complement activation, alternative pathway","6/1652","18/16481",0.333333333333333,3.32546408393866,3.29472440148227,0.00645820947232211,0.0455887058104186,0.0455887058104186,"732/730/1675/5199/5648/11326",6
"GO:0071276","cellular response to cadmium ion","6/1652","18/16481",0.333333333333333,3.32546408393866,3.29472440148227,0.00645820947232211,0.0455887058104186,0.0455887058104186,"6556/4499/4501/64116/1536/4489",6
"GO:0110110","positive regulation of animal organ morphogenesis","6/1652","18/16481",0.333333333333333,3.32546408393866,3.29472440148227,0.00645820947232211,0.0455887058104186,0.0455887058104186,"947/6092/140628/650/4487/1906",6
"GO:0050866","negative regulation of cell activation","30/1652","187/16481",0.160427807486631,1.60049073558545,2.75639181311894,0.0065004610418335,0.0455887058104186,0.0455887058104186,"114757/2268/7805/7056/6376/695/7305/160364/6693/5322/56253/2852/146722/5155/7128/4092/64115/3133/1511/11326/383/5592/3549/7940/3949/5320/945/6441/4332/969",30
"GO:0002002","regulation of angiotensin levels in blood","5/1652","13/16481",0.384615384615385,3.83707394300615,3.41546307580896,0.00650227900547562,0.0455887058104186,0.0455887058104186,"1215/1359/1636/1511/4311",5
"GO:0002003","angiotensin maturation","5/1652","13/16481",0.384615384615385,3.83707394300615,3.41546307580896,0.00650227900547562,0.0455887058104186,0.0455887058104186,"1215/1359/1636/1511/4311",5
"GO:0003084","positive regulation of systemic arterial blood pressure","5/1652","13/16481",0.384615384615385,3.83707394300615,3.41546307580896,0.00650227900547562,0.0455887058104186,0.0455887058104186,"5770/1636/5919/554/2022",5
"GO:0006171","cAMP biosynthetic process","5/1652","13/16481",0.384615384615385,3.83707394300615,3.41546307580896,0.00650227900547562,0.0455887058104186,0.0455887058104186,"117/114/115/9607/196883",5
"GO:0014072","response to isoquinoline alkaloid","5/1652","13/16481",0.384615384615385,3.83707394300615,3.41546307580896,0.00650227900547562,0.0455887058104186,0.0455887058104186,"6505/2890/114/2354/9607",5
"GO:0036006","cellular response to macrophage colony-stimulating factor stimulus","5/1652","13/16481",0.384615384615385,3.83707394300615,3.41546307580896,0.00650227900547562,0.0455887058104186,0.0455887058104186,"5153/5138/146433/7099/81501",5
"GO:0043278","response to morphine","5/1652","13/16481",0.384615384615385,3.83707394300615,3.41546307580896,0.00650227900547562,0.0455887058104186,0.0455887058104186,"6505/2890/114/2354/9607",5
"GO:0051610","serotonin uptake","5/1652","13/16481",0.384615384615385,3.83707394300615,3.41546307580896,0.00650227900547562,0.0455887058104186,0.0455887058104186,"6532/6622/6571/2824/4842",5
"GO:0071635","negative regulation of transforming growth factor beta production","5/1652","13/16481",0.384615384615385,3.83707394300615,3.41546307580896,0.00650227900547562,0.0455887058104186,0.0455887058104186,"2192/3596/7305/2627/28999",5
"GO:0045055","regulated exocytosis","33/1652","211/16481",0.156398104265403,1.56028883559207,2.73392824912584,0.00661312605829825,0.0462669075552852,0.0462669075552852,"2268/2623/2624/8676/5028/90139/695/8013/2207/785/140730/1393/9846/2214/6688/3071/4818/7476/6844/306/5730/401258/2776/6622/5023/3055/6854/120892/22895/80223/83849/6571/50487",33
"GO:0046651","lymphocyte proliferation","34/1652","219/16481",0.155251141552511,1.54884628567006,2.72906262099039,0.00661746912370626,0.0462669075552852,0.0462669075552852,"81704/177/6556/7805/246778/3113/2494/3596/695/7305/6693/5322/56253/2214/2013/1178/3071/3569/64115/3133/11326/7048/383/3549/8741/7037/64332/7940/3553/5320/3552/6441/4332/2255",34
"GO:0043500","muscle adaptation","17/1652","89/16481",0.191011235955056,1.90560301439182,2.85920031263194,0.006705317692331,0.0466857744328546,0.0466857744328546,"4653/9314/148/8013/140628/5155/5468/187/7222/3727/859/1906/408/58529/29995/3553/28999",17
"GO:0048736","appendage development","17/1652","89/16481",0.191011235955056,1.90560301439182,2.85920031263194,0.006705317692331,0.0466857744328546,0.0466857744328546,"144165/3899/9496/10979/6926/343637/56603/8850/6909/4487/2263/7476/7704/3549/7042/6910/340419",17
"GO:0060173","limb development","17/1652","89/16481",0.191011235955056,1.90560301439182,2.85920031263194,0.006705317692331,0.0466857744328546,0.0466857744328546,"144165/3899/9496/10979/6926/343637/56603/8850/6909/4487/2263/7476/7704/3549/7042/6910/340419",17
"GO:0032945","negative regulation of mononuclear cell proliferation","14/1652","68/16481",0.205882352941176,2.053963110668,2.90678944655286,0.00677409567475822,0.0469689372303775,0.0469689372303775,"7805/7305/6693/5322/56253/64115/3133/11326/383/3549/7940/5320/6441/4332",14
"GO:0072163","mesonephric epithelium development","14/1652","68/16481",0.205882352941176,2.053963110668,2.90678944655286,0.00677409567475822,0.0469689372303775,0.0469689372303775,"2247/255743/6943/6092/2719/4091/650/847/7481/2263/4092/186/168667/9353",14
"GO:0072164","mesonephric tubule development","14/1652","68/16481",0.205882352941176,2.053963110668,2.90678944655286,0.00677409567475822,0.0469689372303775,0.0469689372303775,"2247/255743/6943/6092/2719/4091/650/847/7481/2263/4092/186/168667/9353",14
"GO:0032370","positive regulation of lipid transport","15/1652","75/16481",0.2,1.9952784503632,2.88337794066991,0.00683335619022302,0.0471022021623245,0.0471022021623245,"857/1601/10351/21/84417/1392/5468/1066/1906/56729/1071/9619/335/10162/3553",15
"GO:0046209","nitric oxide metabolic process","15/1652","75/16481",0.2,1.9952784503632,2.88337794066991,0.00683335619022302,0.0471022021623245,0.0471022021623245,"114757/857/9314/54996/1543/10365/1524/7099/5740/1906/140885/3043/3553/4842/948",15
"GO:0048754","branching morphogenesis of an epithelial tube","15/1652","75/16481",0.2,1.9952784503632,2.88337794066991,0.00683335619022302,0.0471022021623245,0.0471022021623245,"2247/255743/6943/54922/2658/650/6909/2263/186/9353/7048/2022/4855/7075/2255",15
"GO:0030195","negative regulation of blood coagulation","11/1652","48/16481",0.229166666666667,2.28625655770783,2.97863635298214,0.0068496918763883,0.0471022021623245,0.0471022021623245,"7056/2160/5627/5155/5196/710/1906/84830/5592/1361/3848",11
"GO:0045933","positive regulation of muscle contraction","11/1652","48/16481",0.229166666666667,2.28625655770783,2.97863635298214,0.0068496918763883,0.0471022021623245,0.0471022021623245,"255743/148/60675/785/786/9254/2852/779/1906/1908/93649",11
"GO:1900047","negative regulation of hemostasis","11/1652","48/16481",0.229166666666667,2.28625655770783,2.97863635298214,0.0068496918763883,0.0471022021623245,0.0471022021623245,"7056/2160/5627/5155/5196/710/1906/84830/5592/1361/3848",11
"GO:0001819","positive regulation of cytokine production","65/1652","479/16481",0.135699373695198,1.35379018030906,2.62273306126853,0.00706383098491205,0.0485081982566631,0.0485081982566631,"4829/2268/947/6095/177/6556/53832/7805/85480/150372/23705/53905/246778/3113/53342/2658/3596/820/695/8013/7305/90865/160364/2207/147372/91947/51744/8692/6693/6711/56253/8477/5588/2214/2324/58484/93978/283420/51311/388325/5196/5734/5319/8809/4210/28984/3569/7099/3133/400709/284293/120892/26253/9590/1536/1958/2219/10865/4023/9173/3553/3552/353514/728/948",65
"GO:0010717","regulation of epithelial to mesenchymal transition","19/1652","104/16481",0.182692307692308,1.82261012292792,2.80880272176158,0.00707739598003698,0.0485348646346448,0.0485348646346448,"25937/10979/10630/1601/650/2013/153090/4092/9444/28984/3569/407006/152007/7048/7042/2022/6910/3553/407007",19
